sample_index,true_label,predicted_label,similarity,first_hit_rank,average_precision,failure_cause,cause_confidence,image_path
1,Highway,AnnualCrop,0.9935,2,0.1563,seasonal_variation,1.000,/content/drive/MyDrive/ACIVS_ThayBach/data/EuroSAT_MS/Highway/Highway_862.tif
3,Pasture,River,0.9933,3,0.1216,seasonal_variation,1.000,/content/drive/MyDrive/ACIVS_ThayBach/data/EuroSAT_MS/Pasture/Pasture_1844.tif
19,Forest,HerbaceousVegetation,0.9987,10,0.2629,seasonal_variation,1.000,/content/drive/MyDrive/ACIVS_ThayBach/data/EuroSAT_MS/Forest/Forest_783.tif
24,Residential,Highway,0.9948,41,0.1062,seasonal_variation,1.000,/content/drive/MyDrive/ACIVS_ThayBach/data/EuroSAT_MS/Residential/Residential_2656.tif
43,Forest,Highway,0.9978,2,0.2912,seasonal_variation,1.000,/content/drive/MyDrive/ACIVS_ThayBach/data/EuroSAT_MS/Forest/Forest_1980.tif
45,River,Highway,0.9919,11,0.0990,seasonal_variation,1.000,/content/drive/MyDrive/ACIVS_ThayBach/data/EuroSAT_MS/River/River_699.tif
53,Highway,AnnualCrop,0.9951,4,0.1253,seasonal_variation,1.000,/content/drive/MyDrive/ACIVS_ThayBach/data/EuroSAT_MS/Highway/Highway_2046.tif
62,Highway,River,0.9918,4,0.2176,seasonal_variation,1.000,/content/drive/MyDrive/ACIVS_ThayBach/data/EuroSAT_MS/Highway/Highway_2073.tif
65,AnnualCrop,River,0.9973,2,0.5892,seasonal_variation,0.874,/content/drive/MyDrive/ACIVS_ThayBach/data/EuroSAT_MS/AnnualCrop/AnnualCrop_1408.tif
75,AnnualCrop,PermanentCrop,0.9980,2,0.5736,seasonal_variation,1.000,/content/drive/MyDrive/ACIVS_ThayBach/data/EuroSAT_MS/AnnualCrop/AnnualCrop_2258.tif
89,HerbaceousVegetation,Highway,0.9943,6,0.1848,seasonal_variation,0.946,/content/drive/MyDrive/ACIVS_ThayBach/data/EuroSAT_MS/HerbaceousVegetation/HerbaceousVegetation_1887.tif
91,Highway,River,0.9944,3,0.1727,seasonal_variation,1.000,/content/drive/MyDrive/ACIVS_ThayBach/data/EuroSAT_MS/Highway/Highway_1204.tif
110,Industrial,Highway,0.9924,3,0.1754,seasonal_variation,1.000,/content/drive/MyDrive/ACIVS_ThayBach/data/EuroSAT_MS/Industrial/Industrial_2380.tif
113,Pasture,HerbaceousVegetation,0.9973,4,0.1089,seasonal_variation,1.000,/content/drive/MyDrive/ACIVS_ThayBach/data/EuroSAT_MS/Pasture/Pasture_1750.tif
114,PermanentCrop,AnnualCrop,0.9938,4,0.2275,seasonal_variation,1.000,/content/drive/MyDrive/ACIVS_ThayBach/data/EuroSAT_MS/PermanentCrop/PermanentCrop_2228.tif
120,HerbaceousVegetation,Forest,0.9976,4,0.3549,seasonal_variation,1.000,/content/drive/MyDrive/ACIVS_ThayBach/data/EuroSAT_MS/HerbaceousVegetation/HerbaceousVegetation_2637.tif
130,Pasture,Forest,0.9904,4,0.1902,seasonal_variation,1.000,/content/drive/MyDrive/ACIVS_ThayBach/data/EuroSAT_MS/Pasture/Pasture_1414.tif
139,PermanentCrop,HerbaceousVegetation,0.9987,2,0.0906,seasonal_variation,1.000,/content/drive/MyDrive/ACIVS_ThayBach/data/EuroSAT_MS/PermanentCrop/PermanentCrop_1380.tif
164,Highway,PermanentCrop,0.9949,12,0.1585,seasonal_variation,1.000,/content/drive/MyDrive/ACIVS_ThayBach/data/EuroSAT_MS/Highway/Highway_1713.tif
184,Highway,Industrial,0.9946,3,0.1893,seasonal_variation,1.000,/content/drive/MyDrive/ACIVS_ThayBach/data/EuroSAT_MS/Highway/Highway_1512.tif
187,PermanentCrop,AnnualCrop,0.9934,18,0.1299,seasonal_variation,1.000,/content/drive/MyDrive/ACIVS_ThayBach/data/EuroSAT_MS/PermanentCrop/PermanentCrop_176.tif
222,Pasture,AnnualCrop,0.9947,2,0.1312,seasonal_variation,1.000,/content/drive/MyDrive/ACIVS_ThayBach/data/EuroSAT_MS/Pasture/Pasture_70.tif
225,Pasture,HerbaceousVegetation,0.9986,45,0.0603,seasonal_variation,1.000,/content/drive/MyDrive/ACIVS_ThayBach/data/EuroSAT_MS/Pasture/Pasture_1840.tif
228,River,Industrial,0.9842,3,0.2262,seasonal_variation,1.000,/content/drive/MyDrive/ACIVS_ThayBach/data/EuroSAT_MS/River/River_1056.tif
229,AnnualCrop,PermanentCrop,0.9962,4,0.2506,seasonal_variation,1.000,/content/drive/MyDrive/ACIVS_ThayBach/data/EuroSAT_MS/AnnualCrop/AnnualCrop_2896.tif
244,PermanentCrop,Forest,0.9953,7,0.0979,seasonal_variation,1.000,/content/drive/MyDrive/ACIVS_ThayBach/data/EuroSAT_MS/PermanentCrop/PermanentCrop_1173.tif
260,Industrial,Residential,0.9898,2,0.1052,seasonal_variation,1.000,/content/drive/MyDrive/ACIVS_ThayBach/data/EuroSAT_MS/Industrial/Industrial_2269.tif
263,Highway,HerbaceousVegetation,0.9969,18,0.0808,seasonal_variation,1.000,/content/drive/MyDrive/ACIVS_ThayBach/data/EuroSAT_MS/Highway/Highway_2360.tif
264,Highway,HerbaceousVegetation,0.9970,8,0.1078,seasonal_variation,1.000,/content/drive/MyDrive/ACIVS_ThayBach/data/EuroSAT_MS/Highway/Highway_393.tif
270,Highway,AnnualCrop,0.9964,4,0.1330,seasonal_variation,1.000,/content/drive/MyDrive/ACIVS_ThayBach/data/EuroSAT_MS/Highway/Highway_2173.tif
278,River,Highway,0.9967,3,0.1288,seasonal_variation,1.000,/content/drive/MyDrive/ACIVS_ThayBach/data/EuroSAT_MS/River/River_2446.tif
314,PermanentCrop,HerbaceousVegetation,0.9957,2,0.2189,seasonal_variation,1.000,/content/drive/MyDrive/ACIVS_ThayBach/data/EuroSAT_MS/PermanentCrop/PermanentCrop_2377.tif
316,HerbaceousVegetation,River,0.9972,3,0.1821,seasonal_variation,1.000,/content/drive/MyDrive/ACIVS_ThayBach/data/EuroSAT_MS/HerbaceousVegetation/HerbaceousVegetation_1483.tif
327,Highway,Residential,0.9947,2,0.1712,seasonal_variation,1.000,/content/drive/MyDrive/ACIVS_ThayBach/data/EuroSAT_MS/Highway/Highway_1639.tif
336,Industrial,Highway,0.9954,6,0.1886,seasonal_variation,1.000,/content/drive/MyDrive/ACIVS_ThayBach/data/EuroSAT_MS/Industrial/Industrial_1194.tif
371,HerbaceousVegetation,Pasture,0.9984,2,0.4965,seasonal_variation,0.586,/content/drive/MyDrive/ACIVS_ThayBach/data/EuroSAT_MS/HerbaceousVegetation/HerbaceousVegetation_504.tif
373,AnnualCrop,PermanentCrop,0.9965,8,0.1504,seasonal_variation,1.000,/content/drive/MyDrive/ACIVS_ThayBach/data/EuroSAT_MS/AnnualCrop/AnnualCrop_504.tif
377,AnnualCrop,Forest,0.9796,10,0.0820,seasonal_variation,1.000,/content/drive/MyDrive/ACIVS_ThayBach/data/EuroSAT_MS/AnnualCrop/AnnualCrop_1097.tif
378,Highway,Industrial,0.9930,2,0.2664,seasonal_variation,1.000,/content/drive/MyDrive/ACIVS_ThayBach/data/EuroSAT_MS/Highway/Highway_2.tif
383,Industrial,PermanentCrop,0.9941,2,0.5213,seasonal_variation,1.000,/content/drive/MyDrive/ACIVS_ThayBach/data/EuroSAT_MS/Industrial/Industrial_408.tif
392,PermanentCrop,Highway,0.9965,2,0.3592,seasonal_variation,0.787,/content/drive/MyDrive/ACIVS_ThayBach/data/EuroSAT_MS/PermanentCrop/PermanentCrop_678.tif
396,AnnualCrop,Highway,0.9937,4,0.2011,seasonal_variation,1.000,/content/drive/MyDrive/ACIVS_ThayBach/data/EuroSAT_MS/AnnualCrop/AnnualCrop_1749.tif
409,Pasture,Forest,0.9927,2,0.3201,seasonal_variation,1.000,/content/drive/MyDrive/ACIVS_ThayBach/data/EuroSAT_MS/Pasture/Pasture_356.tif
421,AnnualCrop,Highway,0.9976,2,0.5296,seasonal_variation,0.993,/content/drive/MyDrive/ACIVS_ThayBach/data/EuroSAT_MS/AnnualCrop/AnnualCrop_1519.tif
425,HerbaceousVegetation,Forest,0.9975,17,0.2595,seasonal_variation,0.633,/content/drive/MyDrive/ACIVS_ThayBach/data/EuroSAT_MS/HerbaceousVegetation/HerbaceousVegetation_1576.tif
441,River,Highway,0.9949,3,0.2431,seasonal_variation,1.000,/content/drive/MyDrive/ACIVS_ThayBach/data/EuroSAT_MS/River/River_646.tif
443,River,Highway,0.9933,2,0.3511,seasonal_variation,1.000,/content/drive/MyDrive/ACIVS_ThayBach/data/EuroSAT_MS/River/River_273.tif
452,Industrial,PermanentCrop,0.9942,3,0.2710,seasonal_variation,1.000,/content/drive/MyDrive/ACIVS_ThayBach/data/EuroSAT_MS/Industrial/Industrial_559.tif
469,HerbaceousVegetation,PermanentCrop,0.9981,2,0.5021,seasonal_variation,0.576,/content/drive/MyDrive/ACIVS_ThayBach/data/EuroSAT_MS/HerbaceousVegetation/HerbaceousVegetation_2407.tif
472,Pasture,Forest,0.9954,3,0.1111,seasonal_variation,1.000,/content/drive/MyDrive/ACIVS_ThayBach/data/EuroSAT_MS/Pasture/Pasture_1437.tif
474,HerbaceousVegetation,Forest,0.9918,11,0.1273,seasonal_variation,0.791,/content/drive/MyDrive/ACIVS_ThayBach/data/EuroSAT_MS/HerbaceousVegetation/HerbaceousVegetation_2008.tif
475,Pasture,HerbaceousVegetation,0.9955,7,0.0662,seasonal_variation,1.000,/content/drive/MyDrive/ACIVS_ThayBach/data/EuroSAT_MS/Pasture/Pasture_707.tif
480,Pasture,HerbaceousVegetation,0.9980,2,0.0671,seasonal_variation,1.000,/content/drive/MyDrive/ACIVS_ThayBach/data/EuroSAT_MS/Pasture/Pasture_766.tif
492,Highway,HerbaceousVegetation,0.9975,4,0.0959,seasonal_variation,1.000,/content/drive/MyDrive/ACIVS_ThayBach/data/EuroSAT_MS/Highway/Highway_1439.tif
494,AnnualCrop,Highway,0.9983,2,0.5655,seasonal_variation,1.000,/content/drive/MyDrive/ACIVS_ThayBach/data/EuroSAT_MS/AnnualCrop/AnnualCrop_1623.tif
500,AnnualCrop,PermanentCrop,0.9955,2,0.3997,seasonal_variation,1.000,/content/drive/MyDrive/ACIVS_ThayBach/data/EuroSAT_MS/AnnualCrop/AnnualCrop_103.tif
509,HerbaceousVegetation,Forest,0.9936,4,0.1969,seasonal_variation,1.000,/content/drive/MyDrive/ACIVS_ThayBach/data/EuroSAT_MS/HerbaceousVegetation/HerbaceousVegetation_2821.tif
521,Industrial,PermanentCrop,0.9853,3,0.4094,seasonal_variation,1.000,/content/drive/MyDrive/ACIVS_ThayBach/data/EuroSAT_MS/Industrial/Industrial_768.tif
527,Industrial,River,0.9797,2,0.3715,seasonal_variation,1.000,/content/drive/MyDrive/ACIVS_ThayBach/data/EuroSAT_MS/Industrial/Industrial_279.tif
536,River,Highway,0.9947,2,0.4670,seasonal_variation,1.000,/content/drive/MyDrive/ACIVS_ThayBach/data/EuroSAT_MS/River/River_691.tif
545,PermanentCrop,AnnualCrop,0.9944,14,0.1473,seasonal_variation,1.000,/content/drive/MyDrive/ACIVS_ThayBach/data/EuroSAT_MS/PermanentCrop/PermanentCrop_231.tif
558,Highway,Industrial,0.9934,3,0.2005,seasonal_variation,1.000,/content/drive/MyDrive/ACIVS_ThayBach/data/EuroSAT_MS/Highway/Highway_615.tif
566,PermanentCrop,Pasture,0.9974,2,0.1398,seasonal_variation,1.000,/content/drive/MyDrive/ACIVS_ThayBach/data/EuroSAT_MS/PermanentCrop/PermanentCrop_1429.tif
568,Highway,River,0.9916,17,0.1277,seasonal_variation,1.000,/content/drive/MyDrive/ACIVS_ThayBach/data/EuroSAT_MS/Highway/Highway_2329.tif
572,Residential,Forest,0.9968,4,0.2081,seasonal_variation,1.000,/content/drive/MyDrive/ACIVS_ThayBach/data/EuroSAT_MS/Residential/Residential_1330.tif
584,Highway,Residential,0.9938,2,0.2060,seasonal_variation,1.000,/content/drive/MyDrive/ACIVS_ThayBach/data/EuroSAT_MS/Highway/Highway_1812.tif
586,Highway,PermanentCrop,0.9926,2,0.2704,seasonal_variation,1.000,/content/drive/MyDrive/ACIVS_ThayBach/data/EuroSAT_MS/Highway/Highway_2007.tif
590,River,Pasture,0.9912,3,0.3269,seasonal_variation,1.000,/content/drive/MyDrive/ACIVS_ThayBach/data/EuroSAT_MS/River/River_2341.tif
605,River,Highway,0.9967,2,0.2007,seasonal_variation,1.000,/content/drive/MyDrive/ACIVS_ThayBach/data/EuroSAT_MS/River/River_228.tif
610,Industrial,Residential,0.9943,3,0.1440,seasonal_variation,1.000,/content/drive/MyDrive/ACIVS_ThayBach/data/EuroSAT_MS/Industrial/Industrial_2079.tif
616,Pasture,Forest,0.9942,2,0.3528,seasonal_variation,1.000,/content/drive/MyDrive/ACIVS_ThayBach/data/EuroSAT_MS/Pasture/Pasture_221.tif
623,River,HerbaceousVegetation,0.9958,2,0.1744,seasonal_variation,1.000,/content/drive/MyDrive/ACIVS_ThayBach/data/EuroSAT_MS/River/River_1789.tif
627,Highway,PermanentCrop,0.9950,2,0.2581,seasonal_variation,0.961,/content/drive/MyDrive/ACIVS_ThayBach/data/EuroSAT_MS/Highway/Highway_1652.tif
637,AnnualCrop,HerbaceousVegetation,0.9978,5,0.2881,seasonal_variation,1.000,/content/drive/MyDrive/ACIVS_ThayBach/data/EuroSAT_MS/AnnualCrop/AnnualCrop_974.tif
641,Highway,River,0.9898,3,0.2294,seasonal_variation,0.895,/content/drive/MyDrive/ACIVS_ThayBach/data/EuroSAT_MS/Highway/Highway_1389.tif
665,AnnualCrop,PermanentCrop,0.9938,3,0.1193,seasonal_variation,1.000,/content/drive/MyDrive/ACIVS_ThayBach/data/EuroSAT_MS/AnnualCrop/AnnualCrop_2143.tif
681,Residential,Highway,0.9931,3,0.2064,seasonal_variation,1.000,/content/drive/MyDrive/ACIVS_ThayBach/data/EuroSAT_MS/Residential/Residential_726.tif
704,PermanentCrop,Highway,0.9908,4,0.1851,seasonal_variation,1.000,/content/drive/MyDrive/ACIVS_ThayBach/data/EuroSAT_MS/PermanentCrop/PermanentCrop_477.tif
709,Forest,HerbaceousVegetation,0.9984,4,0.2802,seasonal_variation,1.000,/content/drive/MyDrive/ACIVS_ThayBach/data/EuroSAT_MS/Forest/Forest_901.tif
711,River,HerbaceousVegetation,0.9945,5,0.1892,seasonal_variation,1.000,/content/drive/MyDrive/ACIVS_ThayBach/data/EuroSAT_MS/River/River_1036.tif
718,River,Highway,0.9953,2,0.1420,seasonal_variation,1.000,/content/drive/MyDrive/ACIVS_ThayBach/data/EuroSAT_MS/River/River_1896.tif
739,Highway,River,0.9947,3,0.1507,seasonal_variation,1.000,/content/drive/MyDrive/ACIVS_ThayBach/data/EuroSAT_MS/Highway/Highway_2005.tif
766,SeaLake,River,0.9956,2,0.2911,seasonal_variation,1.000,/content/drive/MyDrive/ACIVS_ThayBach/data/EuroSAT_MS/SeaLake/SeaLake_1370.tif
770,HerbaceousVegetation,AnnualCrop,0.9963,4,0.2578,seasonal_variation,1.000,/content/drive/MyDrive/ACIVS_ThayBach/data/EuroSAT_MS/HerbaceousVegetation/HerbaceousVegetation_1520.tif
787,HerbaceousVegetation,Pasture,0.9975,3,0.2916,seasonal_variation,0.968,/content/drive/MyDrive/ACIVS_ThayBach/data/EuroSAT_MS/HerbaceousVegetation/HerbaceousVegetation_299.tif
788,Residential,Forest,0.9960,4,0.2461,seasonal_variation,0.997,/content/drive/MyDrive/ACIVS_ThayBach/data/EuroSAT_MS/Residential/Residential_2280.tif
789,HerbaceousVegetation,PermanentCrop,0.9975,2,0.4945,seasonal_variation,0.686,/content/drive/MyDrive/ACIVS_ThayBach/data/EuroSAT_MS/HerbaceousVegetation/HerbaceousVegetation_32.tif
795,HerbaceousVegetation,PermanentCrop,0.9978,2,0.3585,seasonal_variation,0.771,/content/drive/MyDrive/ACIVS_ThayBach/data/EuroSAT_MS/HerbaceousVegetation/HerbaceousVegetation_2916.tif
806,PermanentCrop,Pasture,0.9960,5,0.0929,seasonal_variation,1.000,/content/drive/MyDrive/ACIVS_ThayBach/data/EuroSAT_MS/PermanentCrop/PermanentCrop_1141.tif
824,PermanentCrop,Residential,0.9955,11,0.1041,seasonal_variation,1.000,/content/drive/MyDrive/ACIVS_ThayBach/data/EuroSAT_MS/PermanentCrop/PermanentCrop_1730.tif
830,Industrial,Highway,0.9919,2,0.3844,seasonal_variation,1.000,/content/drive/MyDrive/ACIVS_ThayBach/data/EuroSAT_MS/Industrial/Industrial_31.tif
835,PermanentCrop,Forest,0.9961,61,0.0909,seasonal_variation,1.000,/content/drive/MyDrive/ACIVS_ThayBach/data/EuroSAT_MS/PermanentCrop/PermanentCrop_2385.tif
852,River,Highway,0.9956,80,0.1416,seasonal_variation,1.000,/content/drive/MyDrive/ACIVS_ThayBach/data/EuroSAT_MS/River/River_878.tif
856,HerbaceousVegetation,Forest,0.9990,3,0.3602,seasonal_variation,1.000,/content/drive/MyDrive/ACIVS_ThayBach/data/EuroSAT_MS/HerbaceousVegetation/HerbaceousVegetation_2965.tif
865,Pasture,Forest,0.9962,63,0.0672,seasonal_variation,1.000,/content/drive/MyDrive/ACIVS_ThayBach/data/EuroSAT_MS/Pasture/Pasture_1135.tif
875,AnnualCrop,Highway,0.9949,2,0.2320,seasonal_variation,1.000,/content/drive/MyDrive/ACIVS_ThayBach/data/EuroSAT_MS/AnnualCrop/AnnualCrop_2916.tif
876,AnnualCrop,HerbaceousVegetation,0.9938,8,0.1716,seasonal_variation,1.000,/content/drive/MyDrive/ACIVS_ThayBach/data/EuroSAT_MS/AnnualCrop/AnnualCrop_161.tif
882,PermanentCrop,Highway,0.9972,8,0.1181,seasonal_variation,1.000,/content/drive/MyDrive/ACIVS_ThayBach/data/EuroSAT_MS/PermanentCrop/PermanentCrop_2230.tif
893,Highway,AnnualCrop,0.9982,5,0.0766,seasonal_variation,1.000,/content/drive/MyDrive/ACIVS_ThayBach/data/EuroSAT_MS/Highway/Highway_672.tif
898,AnnualCrop,PermanentCrop,0.9970,2,0.4577,seasonal_variation,1.000,/content/drive/MyDrive/ACIVS_ThayBach/data/EuroSAT_MS/AnnualCrop/AnnualCrop_2708.tif
902,Industrial,Highway,0.9919,2,0.0848,seasonal_variation,1.000,/content/drive/MyDrive/ACIVS_ThayBach/data/EuroSAT_MS/Industrial/Industrial_2086.tif
906,PermanentCrop,HerbaceousVegetation,0.9986,2,0.1030,seasonal_variation,1.000,/content/drive/MyDrive/ACIVS_ThayBach/data/EuroSAT_MS/PermanentCrop/PermanentCrop_653.tif
909,Forest,HerbaceousVegetation,0.9988,2,0.2806,seasonal_variation,1.000,/content/drive/MyDrive/ACIVS_ThayBach/data/EuroSAT_MS/Forest/Forest_1183.tif
917,AnnualCrop,PermanentCrop,0.9964,2,0.5551,seasonal_variation,1.000,/content/drive/MyDrive/ACIVS_ThayBach/data/EuroSAT_MS/AnnualCrop/AnnualCrop_638.tif
929,SeaLake,HerbaceousVegetation,0.9931,31,0.0614,seasonal_variation,1.000,/content/drive/MyDrive/ACIVS_ThayBach/data/EuroSAT_MS/SeaLake/SeaLake_1940.tif
932,Highway,River,0.9967,2,0.0970,seasonal_variation,1.000,/content/drive/MyDrive/ACIVS_ThayBach/data/EuroSAT_MS/Highway/Highway_913.tif
933,HerbaceousVegetation,Forest,0.9949,3,0.2535,seasonal_variation,0.895,/content/drive/MyDrive/ACIVS_ThayBach/data/EuroSAT_MS/HerbaceousVegetation/HerbaceousVegetation_964.tif
953,River,Highway,0.9946,2,0.1271,seasonal_variation,1.000,/content/drive/MyDrive/ACIVS_ThayBach/data/EuroSAT_MS/River/River_2149.tif
963,AnnualCrop,Forest,0.9953,3,0.1059,seasonal_variation,1.000,/content/drive/MyDrive/ACIVS_ThayBach/data/EuroSAT_MS/AnnualCrop/AnnualCrop_2859.tif
971,HerbaceousVegetation,Pasture,0.9946,7,0.1425,seasonal_variation,0.712,/content/drive/MyDrive/ACIVS_ThayBach/data/EuroSAT_MS/HerbaceousVegetation/HerbaceousVegetation_2270.tif
981,Residential,HerbaceousVegetation,0.9969,2,0.1246,seasonal_variation,1.000,/content/drive/MyDrive/ACIVS_ThayBach/data/EuroSAT_MS/Residential/Residential_2360.tif
987,PermanentCrop,Industrial,0.9887,2,0.1474,seasonal_variation,1.000,/content/drive/MyDrive/ACIVS_ThayBach/data/EuroSAT_MS/PermanentCrop/PermanentCrop_2060.tif
995,Highway,PermanentCrop,0.9931,2,0.3415,seasonal_variation,1.000,/content/drive/MyDrive/ACIVS_ThayBach/data/EuroSAT_MS/Highway/Highway_1208.tif
1002,AnnualCrop,PermanentCrop,0.9931,2,0.5063,seasonal_variation,1.000,/content/drive/MyDrive/ACIVS_ThayBach/data/EuroSAT_MS/AnnualCrop/AnnualCrop_1975.tif
1037,River,Highway,0.9958,2,0.1492,seasonal_variation,1.000,/content/drive/MyDrive/ACIVS_ThayBach/data/EuroSAT_MS/River/River_790.tif
1048,Pasture,AnnualCrop,0.9953,2,0.2849,seasonal_variation,1.000,/content/drive/MyDrive/ACIVS_ThayBach/data/EuroSAT_MS/Pasture/Pasture_1795.tif
1050,SeaLake,River,0.9888,13,0.0732,seasonal_variation,1.000,/content/drive/MyDrive/ACIVS_ThayBach/data/EuroSAT_MS/SeaLake/SeaLake_1122.tif
1052,Pasture,AnnualCrop,0.9949,2,0.2208,seasonal_variation,1.000,/content/drive/MyDrive/ACIVS_ThayBach/data/EuroSAT_MS/Pasture/Pasture_579.tif
1055,Highway,AnnualCrop,0.9979,2,0.0979,seasonal_variation,1.000,/content/drive/MyDrive/ACIVS_ThayBach/data/EuroSAT_MS/Highway/Highway_864.tif
1059,Pasture,Forest,0.9977,7,0.0758,seasonal_variation,1.000,/content/drive/MyDrive/ACIVS_ThayBach/data/EuroSAT_MS/Pasture/Pasture_1643.tif
1065,PermanentCrop,Highway,0.9924,3,0.1523,seasonal_variation,1.000,/content/drive/MyDrive/ACIVS_ThayBach/data/EuroSAT_MS/PermanentCrop/PermanentCrop_57.tif
1072,PermanentCrop,Industrial,0.9929,8,0.1633,seasonal_variation,1.000,/content/drive/MyDrive/ACIVS_ThayBach/data/EuroSAT_MS/PermanentCrop/PermanentCrop_166.tif
1074,Residential,Industrial,0.9952,3,0.3810,seasonal_variation,1.000,/content/drive/MyDrive/ACIVS_ThayBach/data/EuroSAT_MS/Residential/Residential_157.tif
1075,PermanentCrop,AnnualCrop,0.9977,2,0.1679,seasonal_variation,1.000,/content/drive/MyDrive/ACIVS_ThayBach/data/EuroSAT_MS/PermanentCrop/PermanentCrop_877.tif
1079,Pasture,Highway,0.9955,2,0.2809,seasonal_variation,1.000,/content/drive/MyDrive/ACIVS_ThayBach/data/EuroSAT_MS/Pasture/Pasture_1783.tif
1085,Highway,AnnualCrop,0.9971,9,0.0987,seasonal_variation,1.000,/content/drive/MyDrive/ACIVS_ThayBach/data/EuroSAT_MS/Highway/Highway_1125.tif
1093,PermanentCrop,Residential,0.9954,24,0.2042,seasonal_variation,1.000,/content/drive/MyDrive/ACIVS_ThayBach/data/EuroSAT_MS/PermanentCrop/PermanentCrop_2285.tif
1098,HerbaceousVegetation,Pasture,0.9859,9,0.0923,seasonal_variation,0.810,/content/drive/MyDrive/ACIVS_ThayBach/data/EuroSAT_MS/HerbaceousVegetation/HerbaceousVegetation_1511.tif
1102,HerbaceousVegetation,PermanentCrop,0.9947,3,0.1998,seasonal_variation,0.676,/content/drive/MyDrive/ACIVS_ThayBach/data/EuroSAT_MS/HerbaceousVegetation/HerbaceousVegetation_256.tif
1123,Forest,HerbaceousVegetation,0.9986,3,0.2336,seasonal_variation,1.000,/content/drive/MyDrive/ACIVS_ThayBach/data/EuroSAT_MS/Forest/Forest_2031.tif
1133,PermanentCrop,Industrial,0.9935,3,0.1335,seasonal_variation,1.000,/content/drive/MyDrive/ACIVS_ThayBach/data/EuroSAT_MS/PermanentCrop/PermanentCrop_1119.tif
1146,AnnualCrop,Highway,0.9975,2,0.2071,seasonal_variation,1.000,/content/drive/MyDrive/ACIVS_ThayBach/data/EuroSAT_MS/AnnualCrop/AnnualCrop_1339.tif
1149,Residential,Industrial,0.9903,7,0.2322,seasonal_variation,1.000,/content/drive/MyDrive/ACIVS_ThayBach/data/EuroSAT_MS/Residential/Residential_522.tif
1155,PermanentCrop,Industrial,0.9866,2,0.1438,seasonal_variation,1.000,/content/drive/MyDrive/ACIVS_ThayBach/data/EuroSAT_MS/PermanentCrop/PermanentCrop_948.tif
1157,Pasture,HerbaceousVegetation,0.9959,8,0.0654,seasonal_variation,1.000,/content/drive/MyDrive/ACIVS_ThayBach/data/EuroSAT_MS/Pasture/Pasture_1782.tif
1159,Residential,Industrial,0.9941,2,0.3557,seasonal_variation,1.000,/content/drive/MyDrive/ACIVS_ThayBach/data/EuroSAT_MS/Residential/Residential_1474.tif
1163,PermanentCrop,Pasture,0.9931,2,0.1474,seasonal_variation,1.000,/content/drive/MyDrive/ACIVS_ThayBach/data/EuroSAT_MS/PermanentCrop/PermanentCrop_1351.tif
1164,AnnualCrop,PermanentCrop,0.9941,3,0.1695,seasonal_variation,1.000,/content/drive/MyDrive/ACIVS_ThayBach/data/EuroSAT_MS/AnnualCrop/AnnualCrop_855.tif
1179,HerbaceousVegetation,PermanentCrop,0.9960,6,0.2755,seasonal_variation,1.000,/content/drive/MyDrive/ACIVS_ThayBach/data/EuroSAT_MS/HerbaceousVegetation/HerbaceousVegetation_2501.tif
1212,Pasture,AnnualCrop,0.9958,5,0.0975,seasonal_variation,1.000,/content/drive/MyDrive/ACIVS_ThayBach/data/EuroSAT_MS/Pasture/Pasture_127.tif
1213,Highway,AnnualCrop,0.9940,5,0.1873,seasonal_variation,1.000,/content/drive/MyDrive/ACIVS_ThayBach/data/EuroSAT_MS/Highway/Highway_1320.tif
1218,PermanentCrop,Pasture,0.9905,2,0.1329,seasonal_variation,1.000,/content/drive/MyDrive/ACIVS_ThayBach/data/EuroSAT_MS/PermanentCrop/PermanentCrop_648.tif
1226,Highway,PermanentCrop,0.9866,4,0.1788,seasonal_variation,1.000,/content/drive/MyDrive/ACIVS_ThayBach/data/EuroSAT_MS/Highway/Highway_1973.tif
1228,Highway,Pasture,0.9909,3,0.1914,seasonal_variation,1.000,/content/drive/MyDrive/ACIVS_ThayBach/data/EuroSAT_MS/Highway/Highway_1570.tif
1254,Highway,AnnualCrop,0.9959,5,0.0874,seasonal_variation,1.000,/content/drive/MyDrive/ACIVS_ThayBach/data/EuroSAT_MS/Highway/Highway_2461.tif
1258,AnnualCrop,PermanentCrop,0.9980,2,0.6322,seasonal_variation,1.000,/content/drive/MyDrive/ACIVS_ThayBach/data/EuroSAT_MS/AnnualCrop/AnnualCrop_1788.tif
1269,Highway,AnnualCrop,0.9975,5,0.1071,seasonal_variation,1.000,/content/drive/MyDrive/ACIVS_ThayBach/data/EuroSAT_MS/Highway/Highway_523.tif
1275,PermanentCrop,Residential,0.9954,6,0.1023,seasonal_variation,1.000,/content/drive/MyDrive/ACIVS_ThayBach/data/EuroSAT_MS/PermanentCrop/PermanentCrop_2276.tif
1277,PermanentCrop,Pasture,0.9888,3,0.2063,seasonal_variation,1.000,/content/drive/MyDrive/ACIVS_ThayBach/data/EuroSAT_MS/PermanentCrop/PermanentCrop_916.tif
1280,Pasture,Highway,0.9935,2,0.1543,seasonal_variation,1.000,/content/drive/MyDrive/ACIVS_ThayBach/data/EuroSAT_MS/Pasture/Pasture_540.tif
1289,Highway,River,0.9928,2,0.2755,seasonal_variation,1.000,/content/drive/MyDrive/ACIVS_ThayBach/data/EuroSAT_MS/Highway/Highway_2279.tif
1308,PermanentCrop,Forest,0.9953,2,0.1039,seasonal_variation,1.000,/content/drive/MyDrive/ACIVS_ThayBach/data/EuroSAT_MS/PermanentCrop/PermanentCrop_2317.tif
1309,AnnualCrop,Highway,0.9978,2,0.5283,seasonal_variation,1.000,/content/drive/MyDrive/ACIVS_ThayBach/data/EuroSAT_MS/AnnualCrop/AnnualCrop_995.tif
1315,Highway,Pasture,0.9935,3,0.1505,seasonal_variation,1.000,/content/drive/MyDrive/ACIVS_ThayBach/data/EuroSAT_MS/Highway/Highway_435.tif
1322,Industrial,PermanentCrop,0.9908,2,0.5429,seasonal_variation,1.000,/content/drive/MyDrive/ACIVS_ThayBach/data/EuroSAT_MS/Industrial/Industrial_274.tif
1324,HerbaceousVegetation,Forest,0.9969,2,0.4394,seasonal_variation,0.791,/content/drive/MyDrive/ACIVS_ThayBach/data/EuroSAT_MS/HerbaceousVegetation/HerbaceousVegetation_2503.tif
1327,Highway,River,0.9953,4,0.1381,seasonal_variation,1.000,/content/drive/MyDrive/ACIVS_ThayBach/data/EuroSAT_MS/Highway/Highway_1182.tif
1330,River,AnnualCrop,0.9921,2,0.1708,seasonal_variation,1.000,/content/drive/MyDrive/ACIVS_ThayBach/data/EuroSAT_MS/River/River_153.tif
1331,Forest,Pasture,0.9981,2,0.5882,seasonal_variation,1.000,/content/drive/MyDrive/ACIVS_ThayBach/data/EuroSAT_MS/Forest/Forest_653.tif
1332,PermanentCrop,HerbaceousVegetation,0.9987,42,0.0969,seasonal_variation,1.000,/content/drive/MyDrive/ACIVS_ThayBach/data/EuroSAT_MS/PermanentCrop/PermanentCrop_2047.tif
1336,River,Highway,0.9979,2,0.1362,seasonal_variation,1.000,/content/drive/MyDrive/ACIVS_ThayBach/data/EuroSAT_MS/River/River_1527.tif
1349,Highway,Pasture,0.9956,4,0.1475,seasonal_variation,0.833,/content/drive/MyDrive/ACIVS_ThayBach/data/EuroSAT_MS/Highway/Highway_1941.tif
1356,Industrial,Residential,0.9940,7,0.3330,seasonal_variation,1.000,/content/drive/MyDrive/ACIVS_ThayBach/data/EuroSAT_MS/Industrial/Industrial_725.tif
1365,Industrial,Residential,0.9894,2,0.3616,seasonal_variation,1.000,/content/drive/MyDrive/ACIVS_ThayBach/data/EuroSAT_MS/Industrial/Industrial_782.tif
1369,PermanentCrop,HerbaceousVegetation,0.9964,12,0.0854,seasonal_variation,1.000,/content/drive/MyDrive/ACIVS_ThayBach/data/EuroSAT_MS/PermanentCrop/PermanentCrop_1867.tif
1371,Pasture,HerbaceousVegetation,0.9962,4,0.1067,seasonal_variation,1.000,/content/drive/MyDrive/ACIVS_ThayBach/data/EuroSAT_MS/Pasture/Pasture_1274.tif
1377,Highway,River,0.9943,3,0.1985,seasonal_variation,1.000,/content/drive/MyDrive/ACIVS_ThayBach/data/EuroSAT_MS/Highway/Highway_1046.tif
1380,Residential,PermanentCrop,0.9934,2,0.2757,seasonal_variation,1.000,/content/drive/MyDrive/ACIVS_ThayBach/data/EuroSAT_MS/Residential/Residential_1312.tif
1384,Highway,HerbaceousVegetation,0.9968,2,0.0909,seasonal_variation,1.000,/content/drive/MyDrive/ACIVS_ThayBach/data/EuroSAT_MS/Highway/Highway_815.tif
1396,Forest,HerbaceousVegetation,0.9984,4,0.3208,seasonal_variation,1.000,/content/drive/MyDrive/ACIVS_ThayBach/data/EuroSAT_MS/Forest/Forest_2284.tif
1397,AnnualCrop,Pasture,0.9953,14,0.2126,seasonal_variation,1.000,/content/drive/MyDrive/ACIVS_ThayBach/data/EuroSAT_MS/AnnualCrop/AnnualCrop_1950.tif
1404,Pasture,PermanentCrop,0.9935,2,0.1879,seasonal_variation,1.000,/content/drive/MyDrive/ACIVS_ThayBach/data/EuroSAT_MS/Pasture/Pasture_146.tif
1410,Highway,River,0.9937,2,0.1106,seasonal_variation,1.000,/content/drive/MyDrive/ACIVS_ThayBach/data/EuroSAT_MS/Highway/Highway_2366.tif
1416,Industrial,Residential,0.9842,30,0.0792,seasonal_variation,1.000,/content/drive/MyDrive/ACIVS_ThayBach/data/EuroSAT_MS/Industrial/Industrial_1321.tif
1428,Forest,HerbaceousVegetation,0.9982,3,0.3655,seasonal_variation,1.000,/content/drive/MyDrive/ACIVS_ThayBach/data/EuroSAT_MS/Forest/Forest_1667.tif
1439,Pasture,AnnualCrop,0.9976,7,0.0655,seasonal_variation,1.000,/content/drive/MyDrive/ACIVS_ThayBach/data/EuroSAT_MS/Pasture/Pasture_650.tif
1440,Pasture,HerbaceousVegetation,0.9957,2,0.1656,seasonal_variation,1.000,/content/drive/MyDrive/ACIVS_ThayBach/data/EuroSAT_MS/Pasture/Pasture_502.tif
1445,PermanentCrop,AnnualCrop,0.9979,11,0.0843,seasonal_variation,1.000,/content/drive/MyDrive/ACIVS_ThayBach/data/EuroSAT_MS/PermanentCrop/PermanentCrop_1732.tif
1451,HerbaceousVegetation,Highway,0.9873,2,0.2131,seasonal_variation,1.000,/content/drive/MyDrive/ACIVS_ThayBach/data/EuroSAT_MS/HerbaceousVegetation/HerbaceousVegetation_206.tif
1452,HerbaceousVegetation,Highway,0.9917,2,0.2328,seasonal_variation,1.000,/content/drive/MyDrive/ACIVS_ThayBach/data/EuroSAT_MS/HerbaceousVegetation/HerbaceousVegetation_2882.tif
1458,PermanentCrop,Residential,0.9921,2,0.2081,seasonal_variation,1.000,/content/drive/MyDrive/ACIVS_ThayBach/data/EuroSAT_MS/PermanentCrop/PermanentCrop_1269.tif
1460,Pasture,PermanentCrop,0.9921,2,0.3611,seasonal_variation,1.000,/content/drive/MyDrive/ACIVS_ThayBach/data/EuroSAT_MS/Pasture/Pasture_315.tif
1462,Pasture,HerbaceousVegetation,0.9974,4,0.1395,seasonal_variation,1.000,/content/drive/MyDrive/ACIVS_ThayBach/data/EuroSAT_MS/Pasture/Pasture_925.tif
1468,River,Highway,0.9974,4,0.1273,seasonal_variation,1.000,/content/drive/MyDrive/ACIVS_ThayBach/data/EuroSAT_MS/River/River_701.tif
1469,PermanentCrop,Pasture,0.9917,3,0.1082,seasonal_variation,1.000,/content/drive/MyDrive/ACIVS_ThayBach/data/EuroSAT_MS/PermanentCrop/PermanentCrop_1622.tif
1471,PermanentCrop,Residential,0.9920,8,0.1372,seasonal_variation,1.000,/content/drive/MyDrive/ACIVS_ThayBach/data/EuroSAT_MS/PermanentCrop/PermanentCrop_1279.tif
1514,PermanentCrop,Pasture,0.9967,3,0.1030,seasonal_variation,1.000,/content/drive/MyDrive/ACIVS_ThayBach/data/EuroSAT_MS/PermanentCrop/PermanentCrop_837.tif
1516,Highway,Industrial,0.9915,4,0.2351,seasonal_variation,1.000,/content/drive/MyDrive/ACIVS_ThayBach/data/EuroSAT_MS/Highway/Highway_27.tif
1520,AnnualCrop,PermanentCrop,0.9939,227,0.0814,seasonal_variation,1.000,/content/drive/MyDrive/ACIVS_ThayBach/data/EuroSAT_MS/AnnualCrop/AnnualCrop_1345.tif
1522,Residential,PermanentCrop,0.9949,2,0.3343,seasonal_variation,1.000,/content/drive/MyDrive/ACIVS_ThayBach/data/EuroSAT_MS/Residential/Residential_2327.tif
1538,Highway,AnnualCrop,0.9970,4,0.1150,seasonal_variation,1.000,/content/drive/MyDrive/ACIVS_ThayBach/data/EuroSAT_MS/Highway/Highway_169.tif
1540,HerbaceousVegetation,Forest,0.9926,2,0.1594,seasonal_variation,0.792,/content/drive/MyDrive/ACIVS_ThayBach/data/EuroSAT_MS/HerbaceousVegetation/HerbaceousVegetation_557.tif
1542,Forest,Pasture,0.9938,3,0.1520,seasonal_variation,1.000,/content/drive/MyDrive/ACIVS_ThayBach/data/EuroSAT_MS/Forest/Forest_197.tif
1548,PermanentCrop,HerbaceousVegetation,0.9972,2,0.1343,seasonal_variation,1.000,/content/drive/MyDrive/ACIVS_ThayBach/data/EuroSAT_MS/PermanentCrop/PermanentCrop_2235.tif
1564,Industrial,Residential,0.9915,4,0.2344,seasonal_variation,1.000,/content/drive/MyDrive/ACIVS_ThayBach/data/EuroSAT_MS/Industrial/Industrial_818.tif
1574,HerbaceousVegetation,River,0.9951,2,0.2738,seasonal_variation,1.000,/content/drive/MyDrive/ACIVS_ThayBach/data/EuroSAT_MS/HerbaceousVegetation/HerbaceousVegetation_474.tif
1579,Forest,Pasture,0.9985,2,0.3943,seasonal_variation,1.000,/content/drive/MyDrive/ACIVS_ThayBach/data/EuroSAT_MS/Forest/Forest_821.tif
1591,Highway,PermanentCrop,0.9965,4,0.1270,seasonal_variation,1.000,/content/drive/MyDrive/ACIVS_ThayBach/data/EuroSAT_MS/Highway/Highway_1552.tif
1592,AnnualCrop,PermanentCrop,0.9966,2,0.4150,seasonal_variation,1.000,/content/drive/MyDrive/ACIVS_ThayBach/data/EuroSAT_MS/AnnualCrop/AnnualCrop_250.tif
1605,Highway,AnnualCrop,0.9979,2,0.0988,seasonal_variation,1.000,/content/drive/MyDrive/ACIVS_ThayBach/data/EuroSAT_MS/Highway/Highway_2179.tif
1613,HerbaceousVegetation,Highway,0.9943,2,0.1704,seasonal_variation,1.000,/content/drive/MyDrive/ACIVS_ThayBach/data/EuroSAT_MS/HerbaceousVegetation/HerbaceousVegetation_2117.tif
1617,PermanentCrop,AnnualCrop,0.9943,8,0.1880,seasonal_variation,1.000,/content/drive/MyDrive/ACIVS_ThayBach/data/EuroSAT_MS/PermanentCrop/PermanentCrop_1854.tif
1626,HerbaceousVegetation,Pasture,0.9867,2,0.2100,seasonal_variation,1.000,/content/drive/MyDrive/ACIVS_ThayBach/data/EuroSAT_MS/HerbaceousVegetation/HerbaceousVegetation_707.tif
1632,Pasture,Forest,0.9947,4,0.1415,seasonal_variation,1.000,/content/drive/MyDrive/ACIVS_ThayBach/data/EuroSAT_MS/Pasture/Pasture_276.tif
1644,Highway,PermanentCrop,0.9959,2,0.1410,seasonal_variation,1.000,/content/drive/MyDrive/ACIVS_ThayBach/data/EuroSAT_MS/Highway/Highway_2464.tif
1670,Highway,Industrial,0.9903,7,0.1705,seasonal_variation,1.000,/content/drive/MyDrive/ACIVS_ThayBach/data/EuroSAT_MS/Highway/Highway_798.tif
1699,AnnualCrop,PermanentCrop,0.9967,3,0.3703,seasonal_variation,1.000,/content/drive/MyDrive/ACIVS_ThayBach/data/EuroSAT_MS/AnnualCrop/AnnualCrop_894.tif
1701,Pasture,River,0.9923,3,0.1609,seasonal_variation,1.000,/content/drive/MyDrive/ACIVS_ThayBach/data/EuroSAT_MS/Pasture/Pasture_1570.tif
1703,Pasture,Highway,0.9953,3,0.1789,seasonal_variation,1.000,/content/drive/MyDrive/ACIVS_ThayBach/data/EuroSAT_MS/Pasture/Pasture_1246.tif
1722,Highway,River,0.9928,2,0.1890,seasonal_variation,1.000,/content/drive/MyDrive/ACIVS_ThayBach/data/EuroSAT_MS/Highway/Highway_2165.tif
1736,HerbaceousVegetation,PermanentCrop,0.9978,12,0.2702,seasonal_variation,0.988,/content/drive/MyDrive/ACIVS_ThayBach/data/EuroSAT_MS/HerbaceousVegetation/HerbaceousVegetation_336.tif
1737,HerbaceousVegetation,PermanentCrop,0.9939,2,0.2072,seasonal_variation,1.000,/content/drive/MyDrive/ACIVS_ThayBach/data/EuroSAT_MS/HerbaceousVegetation/HerbaceousVegetation_812.tif
1740,HerbaceousVegetation,Forest,0.9972,4,0.2767,seasonal_variation,0.754,/content/drive/MyDrive/ACIVS_ThayBach/data/EuroSAT_MS/HerbaceousVegetation/HerbaceousVegetation_2451.tif
1745,PermanentCrop,Highway,0.9966,3,0.1468,seasonal_variation,1.000,/content/drive/MyDrive/ACIVS_ThayBach/data/EuroSAT_MS/PermanentCrop/PermanentCrop_2016.tif
1753,Pasture,HerbaceousVegetation,0.9983,32,0.0646,seasonal_variation,1.000,/content/drive/MyDrive/ACIVS_ThayBach/data/EuroSAT_MS/Pasture/Pasture_1416.tif
1764,Highway,PermanentCrop,0.9932,2,0.2545,seasonal_variation,1.000,/content/drive/MyDrive/ACIVS_ThayBach/data/EuroSAT_MS/Highway/Highway_1668.tif
1793,Highway,Industrial,0.9923,20,0.1977,seasonal_variation,1.000,/content/drive/MyDrive/ACIVS_ThayBach/data/EuroSAT_MS/Highway/Highway_1168.tif
1797,PermanentCrop,Pasture,0.9931,18,0.1155,seasonal_variation,1.000,/content/drive/MyDrive/ACIVS_ThayBach/data/EuroSAT_MS/PermanentCrop/PermanentCrop_800.tif
1814,Highway,River,0.9955,2,0.1294,seasonal_variation,1.000,/content/drive/MyDrive/ACIVS_ThayBach/data/EuroSAT_MS/Highway/Highway_253.tif
1821,PermanentCrop,AnnualCrop,0.9970,2,0.1677,seasonal_variation,1.000,/content/drive/MyDrive/ACIVS_ThayBach/data/EuroSAT_MS/PermanentCrop/PermanentCrop_1589.tif
1834,Pasture,HerbaceousVegetation,0.9957,2,0.0843,seasonal_variation,1.000,/content/drive/MyDrive/ACIVS_ThayBach/data/EuroSAT_MS/Pasture/Pasture_120.tif
1837,PermanentCrop,AnnualCrop,0.9956,2,0.1094,seasonal_variation,1.000,/content/drive/MyDrive/ACIVS_ThayBach/data/EuroSAT_MS/PermanentCrop/PermanentCrop_556.tif
1840,PermanentCrop,HerbaceousVegetation,0.9976,31,0.1049,seasonal_variation,1.000,/content/drive/MyDrive/ACIVS_ThayBach/data/EuroSAT_MS/PermanentCrop/PermanentCrop_828.tif
1869,Highway,HerbaceousVegetation,0.9952,2,0.1670,seasonal_variation,1.000,/content/drive/MyDrive/ACIVS_ThayBach/data/EuroSAT_MS/Highway/Highway_752.tif
1870,Highway,Residential,0.9949,66,0.0927,seasonal_variation,1.000,/content/drive/MyDrive/ACIVS_ThayBach/data/EuroSAT_MS/Highway/Highway_1709.tif
1881,Forest,HerbaceousVegetation,0.9989,7,0.2669,seasonal_variation,1.000,/content/drive/MyDrive/ACIVS_ThayBach/data/EuroSAT_MS/Forest/Forest_2074.tif
1891,Highway,Pasture,0.9925,3,0.2337,seasonal_variation,1.000,/content/drive/MyDrive/ACIVS_ThayBach/data/EuroSAT_MS/Highway/Highway_1966.tif
1892,River,Highway,0.9934,17,0.1455,seasonal_variation,1.000,/content/drive/MyDrive/ACIVS_ThayBach/data/EuroSAT_MS/River/River_2281.tif
1896,PermanentCrop,AnnualCrop,0.9960,3,0.1677,seasonal_variation,1.000,/content/drive/MyDrive/ACIVS_ThayBach/data/EuroSAT_MS/PermanentCrop/PermanentCrop_1327.tif
1905,AnnualCrop,Pasture,0.9958,2,0.2051,seasonal_variation,1.000,/content/drive/MyDrive/ACIVS_ThayBach/data/EuroSAT_MS/AnnualCrop/AnnualCrop_1101.tif
1910,HerbaceousVegetation,PermanentCrop,0.9986,2,0.4681,seasonal_variation,0.550,/content/drive/MyDrive/ACIVS_ThayBach/data/EuroSAT_MS/HerbaceousVegetation/HerbaceousVegetation_2848.tif
1912,HerbaceousVegetation,Forest,0.9960,4,0.2125,seasonal_variation,0.662,/content/drive/MyDrive/ACIVS_ThayBach/data/EuroSAT_MS/HerbaceousVegetation/HerbaceousVegetation_2333.tif
1913,River,Highway,0.9958,12,0.1216,seasonal_variation,1.000,/content/drive/MyDrive/ACIVS_ThayBach/data/EuroSAT_MS/River/River_888.tif
1917,Highway,Pasture,0.9909,3,0.2109,seasonal_variation,1.000,/content/drive/MyDrive/ACIVS_ThayBach/data/EuroSAT_MS/Highway/Highway_2311.tif
1922,River,Highway,0.9959,2,0.1258,seasonal_variation,1.000,/content/drive/MyDrive/ACIVS_ThayBach/data/EuroSAT_MS/River/River_1770.tif
1926,AnnualCrop,Forest,0.9976,48,0.1474,seasonal_variation,1.000,/content/drive/MyDrive/ACIVS_ThayBach/data/EuroSAT_MS/AnnualCrop/AnnualCrop_35.tif
1940,Highway,Pasture,0.9981,6,0.0744,seasonal_variation,1.000,/content/drive/MyDrive/ACIVS_ThayBach/data/EuroSAT_MS/Highway/Highway_1106.tif
1949,PermanentCrop,Pasture,0.9916,3,0.2123,seasonal_variation,0.786,/content/drive/MyDrive/ACIVS_ThayBach/data/EuroSAT_MS/PermanentCrop/PermanentCrop_537.tif
1954,AnnualCrop,Highway,0.9870,2,0.1647,seasonal_variation,1.000,/content/drive/MyDrive/ACIVS_ThayBach/data/EuroSAT_MS/AnnualCrop/AnnualCrop_1305.tif
1962,PermanentCrop,Highway,0.9945,2,0.2824,seasonal_variation,0.991,/content/drive/MyDrive/ACIVS_ThayBach/data/EuroSAT_MS/PermanentCrop/PermanentCrop_1052.tif
1967,PermanentCrop,AnnualCrop,0.9969,3,0.1184,seasonal_variation,1.000,/content/drive/MyDrive/ACIVS_ThayBach/data/EuroSAT_MS/PermanentCrop/PermanentCrop_1105.tif
1971,Industrial,Residential,0.9923,2,0.4489,seasonal_variation,1.000,/content/drive/MyDrive/ACIVS_ThayBach/data/EuroSAT_MS/Industrial/Industrial_2165.tif
1972,River,Highway,0.9947,2,0.2362,seasonal_variation,1.000,/content/drive/MyDrive/ACIVS_ThayBach/data/EuroSAT_MS/River/River_2036.tif
1975,Highway,Forest,0.9925,2,0.1305,seasonal_variation,1.000,/content/drive/MyDrive/ACIVS_ThayBach/data/EuroSAT_MS/Highway/Highway_1408.tif
1989,PermanentCrop,Highway,0.9958,2,0.3698,seasonal_variation,1.000,/content/drive/MyDrive/ACIVS_ThayBach/data/EuroSAT_MS/PermanentCrop/PermanentCrop_1809.tif
2005,Highway,Residential,0.9948,5,0.1470,seasonal_variation,1.000,/content/drive/MyDrive/ACIVS_ThayBach/data/EuroSAT_MS/Highway/Highway_692.tif
2008,PermanentCrop,Residential,0.9951,2,0.1767,seasonal_variation,1.000,/content/drive/MyDrive/ACIVS_ThayBach/data/EuroSAT_MS/PermanentCrop/PermanentCrop_1917.tif
2013,Pasture,HerbaceousVegetation,0.9971,4,0.0778,seasonal_variation,1.000,/content/drive/MyDrive/ACIVS_ThayBach/data/EuroSAT_MS/Pasture/Pasture_837.tif
2019,AnnualCrop,Pasture,0.9941,2,0.1558,seasonal_variation,1.000,/content/drive/MyDrive/ACIVS_ThayBach/data/EuroSAT_MS/AnnualCrop/AnnualCrop_1134.tif
2026,Highway,Pasture,0.9967,4,0.0954,seasonal_variation,1.000,/content/drive/MyDrive/ACIVS_ThayBach/data/EuroSAT_MS/Highway/Highway_655.tif
2029,Forest,Highway,0.9944,2,0.5783,seasonal_variation,1.000,/content/drive/MyDrive/ACIVS_ThayBach/data/EuroSAT_MS/Forest/Forest_803.tif
2030,HerbaceousVegetation,Forest,0.9978,4,0.3757,seasonal_variation,0.619,/content/drive/MyDrive/ACIVS_ThayBach/data/EuroSAT_MS/HerbaceousVegetation/HerbaceousVegetation_1316.tif
2037,Highway,Pasture,0.9924,2,0.3417,seasonal_variation,1.000,/content/drive/MyDrive/ACIVS_ThayBach/data/EuroSAT_MS/Highway/Highway_1319.tif
2047,Pasture,Highway,0.9915,3,0.1471,seasonal_variation,1.000,/content/drive/MyDrive/ACIVS_ThayBach/data/EuroSAT_MS/Pasture/Pasture_1759.tif
2073,Industrial,PermanentCrop,0.9929,2,0.4220,seasonal_variation,1.000,/content/drive/MyDrive/ACIVS_ThayBach/data/EuroSAT_MS/Industrial/Industrial_887.tif
2083,AnnualCrop,PermanentCrop,0.9955,3,0.1360,seasonal_variation,1.000,/content/drive/MyDrive/ACIVS_ThayBach/data/EuroSAT_MS/AnnualCrop/AnnualCrop_1485.tif
2102,Highway,Industrial,0.9939,12,0.1811,seasonal_variation,1.000,/content/drive/MyDrive/ACIVS_ThayBach/data/EuroSAT_MS/Highway/Highway_1990.tif
2131,Industrial,Highway,0.9954,2,0.2940,seasonal_variation,1.000,/content/drive/MyDrive/ACIVS_ThayBach/data/EuroSAT_MS/Industrial/Industrial_1137.tif
2136,Pasture,Highway,0.9933,3,0.3245,seasonal_variation,1.000,/content/drive/MyDrive/ACIVS_ThayBach/data/EuroSAT_MS/Pasture/Pasture_379.tif
2138,PermanentCrop,Industrial,0.9925,5,0.2034,seasonal_variation,1.000,/content/drive/MyDrive/ACIVS_ThayBach/data/EuroSAT_MS/PermanentCrop/PermanentCrop_1942.tif
2143,Pasture,HerbaceousVegetation,0.9967,8,0.1106,seasonal_variation,1.000,/content/drive/MyDrive/ACIVS_ThayBach/data/EuroSAT_MS/Pasture/Pasture_1796.tif
2146,Industrial,Highway,0.9952,5,0.2530,seasonal_variation,1.000,/content/drive/MyDrive/ACIVS_ThayBach/data/EuroSAT_MS/Industrial/Industrial_637.tif
2150,HerbaceousVegetation,PermanentCrop,0.9977,2,0.4879,seasonal_variation,0.715,/content/drive/MyDrive/ACIVS_ThayBach/data/EuroSAT_MS/HerbaceousVegetation/HerbaceousVegetation_1642.tif
2167,River,AnnualCrop,0.9948,3,0.1417,seasonal_variation,1.000,/content/drive/MyDrive/ACIVS_ThayBach/data/EuroSAT_MS/River/River_1239.tif
2177,Forest,HerbaceousVegetation,0.9978,17,0.2427,seasonal_variation,1.000,/content/drive/MyDrive/ACIVS_ThayBach/data/EuroSAT_MS/Forest/Forest_1357.tif
2182,Highway,HerbaceousVegetation,0.9982,3,0.0885,seasonal_variation,1.000,/content/drive/MyDrive/ACIVS_ThayBach/data/EuroSAT_MS/Highway/Highway_958.tif
2185,River,Highway,0.9956,2,0.2210,seasonal_variation,1.000,/content/drive/MyDrive/ACIVS_ThayBach/data/EuroSAT_MS/River/River_2218.tif
2188,AnnualCrop,PermanentCrop,0.9960,10,0.1290,seasonal_variation,1.000,/content/drive/MyDrive/ACIVS_ThayBach/data/EuroSAT_MS/AnnualCrop/AnnualCrop_827.tif
2194,Pasture,Forest,0.9967,29,0.1040,seasonal_variation,1.000,/content/drive/MyDrive/ACIVS_ThayBach/data/EuroSAT_MS/Pasture/Pasture_1728.tif
2223,Highway,PermanentCrop,0.9944,2,0.2646,seasonal_variation,1.000,/content/drive/MyDrive/ACIVS_ThayBach/data/EuroSAT_MS/Highway/Highway_1988.tif
2232,PermanentCrop,Pasture,0.9929,7,0.1755,seasonal_variation,1.000,/content/drive/MyDrive/ACIVS_ThayBach/data/EuroSAT_MS/PermanentCrop/PermanentCrop_885.tif
2241,Pasture,PermanentCrop,0.9907,2,0.2716,seasonal_variation,1.000,/content/drive/MyDrive/ACIVS_ThayBach/data/EuroSAT_MS/Pasture/Pasture_652.tif
2246,Highway,Residential,0.9906,4,0.1573,seasonal_variation,1.000,/content/drive/MyDrive/ACIVS_ThayBach/data/EuroSAT_MS/Highway/Highway_944.tif
2248,PermanentCrop,AnnualCrop,0.9927,2,0.3023,seasonal_variation,1.000,/content/drive/MyDrive/ACIVS_ThayBach/data/EuroSAT_MS/PermanentCrop/PermanentCrop_313.tif
2249,Pasture,Highway,0.9923,2,0.3267,seasonal_variation,1.000,/content/drive/MyDrive/ACIVS_ThayBach/data/EuroSAT_MS/Pasture/Pasture_384.tif
2255,PermanentCrop,AnnualCrop,0.9939,2,0.2631,seasonal_variation,1.000,/content/drive/MyDrive/ACIVS_ThayBach/data/EuroSAT_MS/PermanentCrop/PermanentCrop_2205.tif
2258,PermanentCrop,Pasture,0.9904,8,0.1370,seasonal_variation,0.952,/content/drive/MyDrive/ACIVS_ThayBach/data/EuroSAT_MS/PermanentCrop/PermanentCrop_1403.tif
2261,SeaLake,River,0.9931,2,0.0751,seasonal_variation,1.000,/content/drive/MyDrive/ACIVS_ThayBach/data/EuroSAT_MS/SeaLake/SeaLake_1386.tif
2283,River,AnnualCrop,0.9920,4,0.1738,seasonal_variation,1.000,/content/drive/MyDrive/ACIVS_ThayBach/data/EuroSAT_MS/River/River_1550.tif
2284,Pasture,Highway,0.9943,5,0.2024,seasonal_variation,1.000,/content/drive/MyDrive/ACIVS_ThayBach/data/EuroSAT_MS/Pasture/Pasture_1682.tif
2294,Residential,HerbaceousVegetation,0.9971,3,0.1544,seasonal_variation,1.000,/content/drive/MyDrive/ACIVS_ThayBach/data/EuroSAT_MS/Residential/Residential_2690.tif
2297,PermanentCrop,Pasture,0.9951,8,0.0958,seasonal_variation,1.000,/content/drive/MyDrive/ACIVS_ThayBach/data/EuroSAT_MS/PermanentCrop/PermanentCrop_1443.tif
2298,AnnualCrop,PermanentCrop,0.9958,2,0.5690,seasonal_variation,1.000,/content/drive/MyDrive/ACIVS_ThayBach/data/EuroSAT_MS/AnnualCrop/AnnualCrop_204.tif
2300,AnnualCrop,Highway,0.9980,2,0.5925,seasonal_variation,1.000,/content/drive/MyDrive/ACIVS_ThayBach/data/EuroSAT_MS/AnnualCrop/AnnualCrop_1274.tif
2315,PermanentCrop,HerbaceousVegetation,0.9890,41,0.1148,seasonal_variation,0.899,/content/drive/MyDrive/ACIVS_ThayBach/data/EuroSAT_MS/PermanentCrop/PermanentCrop_1335.tif
2317,Highway,River,0.9944,5,0.1404,seasonal_variation,1.000,/content/drive/MyDrive/ACIVS_ThayBach/data/EuroSAT_MS/Highway/Highway_638.tif
2326,PermanentCrop,Highway,0.9958,2,0.3286,seasonal_variation,1.000,/content/drive/MyDrive/ACIVS_ThayBach/data/EuroSAT_MS/PermanentCrop/PermanentCrop_418.tif
2341,Highway,Pasture,0.9947,3,0.1883,seasonal_variation,1.000,/content/drive/MyDrive/ACIVS_ThayBach/data/EuroSAT_MS/Highway/Highway_2390.tif
2346,AnnualCrop,Forest,0.9973,2,0.3400,seasonal_variation,1.000,/content/drive/MyDrive/ACIVS_ThayBach/data/EuroSAT_MS/AnnualCrop/AnnualCrop_2221.tif
2364,PermanentCrop,Highway,0.9929,15,0.0907,seasonal_variation,1.000,/content/drive/MyDrive/ACIVS_ThayBach/data/EuroSAT_MS/PermanentCrop/PermanentCrop_1983.tif
2373,Forest,Pasture,0.9919,6,0.1336,seasonal_variation,1.000,/content/drive/MyDrive/ACIVS_ThayBach/data/EuroSAT_MS/Forest/Forest_1185.tif
2376,AnnualCrop,Forest,0.9980,5,0.1643,seasonal_variation,1.000,/content/drive/MyDrive/ACIVS_ThayBach/data/EuroSAT_MS/AnnualCrop/AnnualCrop_1537.tif
2377,HerbaceousVegetation,PermanentCrop,0.9972,2,0.2795,seasonal_variation,0.720,/content/drive/MyDrive/ACIVS_ThayBach/data/EuroSAT_MS/HerbaceousVegetation/HerbaceousVegetation_2286.tif
2393,Highway,Pasture,0.9955,2,0.2194,seasonal_variation,0.861,/content/drive/MyDrive/ACIVS_ThayBach/data/EuroSAT_MS/Highway/Highway_1511.tif
2402,AnnualCrop,Pasture,0.9931,2,0.0975,seasonal_variation,1.000,/content/drive/MyDrive/ACIVS_ThayBach/data/EuroSAT_MS/AnnualCrop/AnnualCrop_2085.tif
2404,AnnualCrop,Highway,0.9931,2,0.5094,seasonal_variation,1.000,/content/drive/MyDrive/ACIVS_ThayBach/data/EuroSAT_MS/AnnualCrop/AnnualCrop_1999.tif
2426,PermanentCrop,Pasture,0.9938,2,0.2190,seasonal_variation,1.000,/content/drive/MyDrive/ACIVS_ThayBach/data/EuroSAT_MS/PermanentCrop/PermanentCrop_922.tif
2444,Industrial,River,0.9846,2,0.1573,seasonal_variation,1.000,/content/drive/MyDrive/ACIVS_ThayBach/data/EuroSAT_MS/Industrial/Industrial_656.tif
2449,Highway,Pasture,0.9942,7,0.2244,seasonal_variation,0.980,/content/drive/MyDrive/ACIVS_ThayBach/data/EuroSAT_MS/Highway/Highway_688.tif
2462,River,AnnualCrop,0.9923,3,0.3124,seasonal_variation,1.000,/content/drive/MyDrive/ACIVS_ThayBach/data/EuroSAT_MS/River/River_651.tif
2469,Highway,Residential,0.9930,2,0.1951,seasonal_variation,1.000,/content/drive/MyDrive/ACIVS_ThayBach/data/EuroSAT_MS/Highway/Highway_1781.tif
2479,PermanentCrop,Highway,0.9959,2,0.3199,seasonal_variation,0.767,/content/drive/MyDrive/ACIVS_ThayBach/data/EuroSAT_MS/PermanentCrop/PermanentCrop_1298.tif
2480,HerbaceousVegetation,PermanentCrop,0.9916,7,0.1372,seasonal_variation,0.805,/content/drive/MyDrive/ACIVS_ThayBach/data/EuroSAT_MS/HerbaceousVegetation/HerbaceousVegetation_382.tif
2482,HerbaceousVegetation,Forest,0.9986,7,0.3552,seasonal_variation,0.937,/content/drive/MyDrive/ACIVS_ThayBach/data/EuroSAT_MS/HerbaceousVegetation/HerbaceousVegetation_2326.tif
2484,PermanentCrop,Residential,0.9932,3,0.1130,seasonal_variation,1.000,/content/drive/MyDrive/ACIVS_ThayBach/data/EuroSAT_MS/PermanentCrop/PermanentCrop_99.tif
2486,SeaLake,River,0.9962,2,0.1800,seasonal_variation,1.000,/content/drive/MyDrive/ACIVS_ThayBach/data/EuroSAT_MS/SeaLake/SeaLake_76.tif
2493,AnnualCrop,PermanentCrop,0.9967,13,0.0959,seasonal_variation,1.000,/content/drive/MyDrive/ACIVS_ThayBach/data/EuroSAT_MS/AnnualCrop/AnnualCrop_472.tif
2500,Pasture,HerbaceousVegetation,0.9970,5,0.0956,seasonal_variation,1.000,/content/drive/MyDrive/ACIVS_ThayBach/data/EuroSAT_MS/Pasture/Pasture_1943.tif
2508,Residential,Highway,0.9951,2,0.2719,seasonal_variation,1.000,/content/drive/MyDrive/ACIVS_ThayBach/data/EuroSAT_MS/Residential/Residential_2670.tif
2512,Residential,HerbaceousVegetation,0.9981,2,0.1671,seasonal_variation,1.000,/content/drive/MyDrive/ACIVS_ThayBach/data/EuroSAT_MS/Residential/Residential_744.tif
2525,PermanentCrop,Pasture,0.9967,2,0.2169,seasonal_variation,0.953,/content/drive/MyDrive/ACIVS_ThayBach/data/EuroSAT_MS/PermanentCrop/PermanentCrop_765.tif
2534,HerbaceousVegetation,Forest,0.9901,10,0.1874,seasonal_variation,0.851,/content/drive/MyDrive/ACIVS_ThayBach/data/EuroSAT_MS/HerbaceousVegetation/HerbaceousVegetation_2998.tif
2561,Highway,Industrial,0.9935,14,0.1487,seasonal_variation,1.000,/content/drive/MyDrive/ACIVS_ThayBach/data/EuroSAT_MS/Highway/Highway_507.tif
2563,River,Highway,0.9927,2,0.4415,seasonal_variation,1.000,/content/drive/MyDrive/ACIVS_ThayBach/data/EuroSAT_MS/River/River_1825.tif
2570,Pasture,HerbaceousVegetation,0.9953,2,0.1612,seasonal_variation,1.000,/content/drive/MyDrive/ACIVS_ThayBach/data/EuroSAT_MS/Pasture/Pasture_243.tif
2576,River,Highway,0.9960,11,0.1488,seasonal_variation,1.000,/content/drive/MyDrive/ACIVS_ThayBach/data/EuroSAT_MS/River/River_163.tif
2579,Highway,PermanentCrop,0.9947,3,0.3058,seasonal_variation,1.000,/content/drive/MyDrive/ACIVS_ThayBach/data/EuroSAT_MS/Highway/Highway_298.tif
2591,Highway,HerbaceousVegetation,0.9970,3,0.1106,seasonal_variation,1.000,/content/drive/MyDrive/ACIVS_ThayBach/data/EuroSAT_MS/Highway/Highway_728.tif
2601,Highway,River,0.9946,2,0.2497,seasonal_variation,1.000,/content/drive/MyDrive/ACIVS_ThayBach/data/EuroSAT_MS/Highway/Highway_713.tif
2609,HerbaceousVegetation,Forest,0.9988,4,0.4113,seasonal_variation,0.991,/content/drive/MyDrive/ACIVS_ThayBach/data/EuroSAT_MS/HerbaceousVegetation/HerbaceousVegetation_1803.tif
2647,Industrial,Residential,0.9918,2,0.1891,seasonal_variation,1.000,/content/drive/MyDrive/ACIVS_ThayBach/data/EuroSAT_MS/Industrial/Industrial_164.tif
2668,AnnualCrop,HerbaceousVegetation,0.9952,5,0.1742,seasonal_variation,1.000,/content/drive/MyDrive/ACIVS_ThayBach/data/EuroSAT_MS/AnnualCrop/AnnualCrop_2868.tif
2672,Residential,Highway,0.9921,4,0.2949,seasonal_variation,1.000,/content/drive/MyDrive/ACIVS_ThayBach/data/EuroSAT_MS/Residential/Residential_1397.tif
2688,Highway,Residential,0.9942,2,0.2540,seasonal_variation,1.000,/content/drive/MyDrive/ACIVS_ThayBach/data/EuroSAT_MS/Highway/Highway_1956.tif
2689,AnnualCrop,PermanentCrop,0.9978,2,0.6399,seasonal_variation,1.000,/content/drive/MyDrive/ACIVS_ThayBach/data/EuroSAT_MS/AnnualCrop/AnnualCrop_892.tif
2690,SeaLake,River,0.9966,2,0.1303,seasonal_variation,1.000,/content/drive/MyDrive/ACIVS_ThayBach/data/EuroSAT_MS/SeaLake/SeaLake_49.tif
2693,Highway,HerbaceousVegetation,0.9946,3,0.1038,seasonal_variation,1.000,/content/drive/MyDrive/ACIVS_ThayBach/data/EuroSAT_MS/Highway/Highway_1459.tif
2709,River,Highway,0.9945,2,0.2912,seasonal_variation,1.000,/content/drive/MyDrive/ACIVS_ThayBach/data/EuroSAT_MS/River/River_1284.tif
2711,HerbaceousVegetation,PermanentCrop,0.9954,2,0.4450,seasonal_variation,1.000,/content/drive/MyDrive/ACIVS_ThayBach/data/EuroSAT_MS/HerbaceousVegetation/HerbaceousVegetation_2841.tif
2712,Pasture,Forest,0.9970,7,0.0756,seasonal_variation,1.000,/content/drive/MyDrive/ACIVS_ThayBach/data/EuroSAT_MS/Pasture/Pasture_1374.tif
2714,AnnualCrop,Highway,0.9952,4,0.1893,seasonal_variation,1.000,/content/drive/MyDrive/ACIVS_ThayBach/data/EuroSAT_MS/AnnualCrop/AnnualCrop_2329.tif
2720,Pasture,Highway,0.9862,8,0.1174,seasonal_variation,1.000,/content/drive/MyDrive/ACIVS_ThayBach/data/EuroSAT_MS/Pasture/Pasture_1477.tif
2726,Highway,Industrial,0.9952,2,0.1648,seasonal_variation,1.000,/content/drive/MyDrive/ACIVS_ThayBach/data/EuroSAT_MS/Highway/Highway_2042.tif
2729,River,SeaLake,0.9964,2,0.2002,seasonal_variation,1.000,/content/drive/MyDrive/ACIVS_ThayBach/data/EuroSAT_MS/River/River_220.tif
2743,Pasture,PermanentCrop,0.9939,2,0.1772,seasonal_variation,1.000,/content/drive/MyDrive/ACIVS_ThayBach/data/EuroSAT_MS/Pasture/Pasture_1765.tif
2751,Pasture,Forest,0.9969,2,0.1031,seasonal_variation,1.000,/content/drive/MyDrive/ACIVS_ThayBach/data/EuroSAT_MS/Pasture/Pasture_695.tif
2752,AnnualCrop,River,0.9950,3,0.2775,seasonal_variation,1.000,/content/drive/MyDrive/ACIVS_ThayBach/data/EuroSAT_MS/AnnualCrop/AnnualCrop_1668.tif
2762,Highway,River,0.9933,2,0.1877,seasonal_variation,1.000,/content/drive/MyDrive/ACIVS_ThayBach/data/EuroSAT_MS/Highway/Highway_661.tif
2766,Highway,PermanentCrop,0.9968,3,0.1126,seasonal_variation,1.000,/content/drive/MyDrive/ACIVS_ThayBach/data/EuroSAT_MS/Highway/Highway_2393.tif
2769,Industrial,Residential,0.9930,7,0.1326,seasonal_variation,1.000,/content/drive/MyDrive/ACIVS_ThayBach/data/EuroSAT_MS/Industrial/Industrial_1399.tif
2778,SeaLake,AnnualCrop,0.9978,2,0.3121,seasonal_variation,1.000,/content/drive/MyDrive/ACIVS_ThayBach/data/EuroSAT_MS/SeaLake/SeaLake_872.tif
2781,Forest,HerbaceousVegetation,0.9973,2,0.4155,seasonal_variation,1.000,/content/drive/MyDrive/ACIVS_ThayBach/data/EuroSAT_MS/Forest/Forest_666.tif
2787,Pasture,Forest,0.9954,2,0.2303,seasonal_variation,1.000,/content/drive/MyDrive/ACIVS_ThayBach/data/EuroSAT_MS/Pasture/Pasture_653.tif
2790,Pasture,HerbaceousVegetation,0.9928,9,0.1128,seasonal_variation,1.000,/content/drive/MyDrive/ACIVS_ThayBach/data/EuroSAT_MS/Pasture/Pasture_64.tif
2804,HerbaceousVegetation,PermanentCrop,0.9874,3,0.1499,seasonal_variation,0.669,/content/drive/MyDrive/ACIVS_ThayBach/data/EuroSAT_MS/HerbaceousVegetation/HerbaceousVegetation_2471.tif
2809,Residential,Industrial,0.9950,7,0.2679,seasonal_variation,1.000,/content/drive/MyDrive/ACIVS_ThayBach/data/EuroSAT_MS/Residential/Residential_1693.tif
2812,Highway,AnnualCrop,0.9971,6,0.1053,seasonal_variation,1.000,/content/drive/MyDrive/ACIVS_ThayBach/data/EuroSAT_MS/Highway/Highway_138.tif
2818,Industrial,Highway,0.9929,3,0.6397,seasonal_variation,1.000,/content/drive/MyDrive/ACIVS_ThayBach/data/EuroSAT_MS/Industrial/Industrial_2134.tif
2825,Forest,HerbaceousVegetation,0.9965,2,0.4647,seasonal_variation,1.000,/content/drive/MyDrive/ACIVS_ThayBach/data/EuroSAT_MS/Forest/Forest_508.tif
2839,PermanentCrop,HerbaceousVegetation,0.9975,14,0.0952,seasonal_variation,1.000,/content/drive/MyDrive/ACIVS_ThayBach/data/EuroSAT_MS/PermanentCrop/PermanentCrop_584.tif
2843,Pasture,HerbaceousVegetation,0.9980,25,0.0625,seasonal_variation,1.000,/content/drive/MyDrive/ACIVS_ThayBach/data/EuroSAT_MS/Pasture/Pasture_1082.tif
2844,HerbaceousVegetation,Pasture,0.9963,2,0.3062,seasonal_variation,0.606,/content/drive/MyDrive/ACIVS_ThayBach/data/EuroSAT_MS/HerbaceousVegetation/HerbaceousVegetation_1969.tif
2845,HerbaceousVegetation,Pasture,0.9948,25,0.1338,seasonal_variation,0.787,/content/drive/MyDrive/ACIVS_ThayBach/data/EuroSAT_MS/HerbaceousVegetation/HerbaceousVegetation_1284.tif
2847,PermanentCrop,AnnualCrop,0.9946,4,0.2082,seasonal_variation,1.000,/content/drive/MyDrive/ACIVS_ThayBach/data/EuroSAT_MS/PermanentCrop/PermanentCrop_2062.tif
2853,Highway,River,0.9934,44,0.1084,seasonal_variation,1.000,/content/drive/MyDrive/ACIVS_ThayBach/data/EuroSAT_MS/Highway/Highway_1307.tif
2854,Pasture,PermanentCrop,0.9941,3,0.1157,seasonal_variation,1.000,/content/drive/MyDrive/ACIVS_ThayBach/data/EuroSAT_MS/Pasture/Pasture_1707.tif
2858,Residential,Industrial,0.9937,2,0.3820,seasonal_variation,1.000,/content/drive/MyDrive/ACIVS_ThayBach/data/EuroSAT_MS/Residential/Residential_888.tif
2885,Pasture,Highway,0.9936,2,0.1433,seasonal_variation,1.000,/content/drive/MyDrive/ACIVS_ThayBach/data/EuroSAT_MS/Pasture/Pasture_327.tif
2886,Highway,Industrial,0.9946,10,0.1470,seasonal_variation,1.000,/content/drive/MyDrive/ACIVS_ThayBach/data/EuroSAT_MS/Highway/Highway_314.tif
2887,River,Highway,0.9960,19,0.0876,seasonal_variation,1.000,/content/drive/MyDrive/ACIVS_ThayBach/data/EuroSAT_MS/River/River_953.tif
2889,River,Highway,0.9947,9,0.1978,seasonal_variation,1.000,/content/drive/MyDrive/ACIVS_ThayBach/data/EuroSAT_MS/River/River_786.tif
2891,HerbaceousVegetation,Highway,0.9978,2,0.4548,seasonal_variation,0.743,/content/drive/MyDrive/ACIVS_ThayBach/data/EuroSAT_MS/HerbaceousVegetation/HerbaceousVegetation_1908.tif
2899,River,Highway,0.9862,2,0.1271,seasonal_variation,1.000,/content/drive/MyDrive/ACIVS_ThayBach/data/EuroSAT_MS/River/River_2108.tif
2929,River,Highway,0.9952,2,0.2280,seasonal_variation,1.000,/content/drive/MyDrive/ACIVS_ThayBach/data/EuroSAT_MS/River/River_1861.tif
2936,PermanentCrop,Residential,0.9940,5,0.1533,seasonal_variation,1.000,/content/drive/MyDrive/ACIVS_ThayBach/data/EuroSAT_MS/PermanentCrop/PermanentCrop_69.tif
2941,Residential,Industrial,0.9944,3,0.2167,seasonal_variation,1.000,/content/drive/MyDrive/ACIVS_ThayBach/data/EuroSAT_MS/Residential/Residential_2202.tif
2945,Pasture,PermanentCrop,0.9966,4,0.3527,seasonal_variation,1.000,/content/drive/MyDrive/ACIVS_ThayBach/data/EuroSAT_MS/Pasture/Pasture_394.tif
2949,PermanentCrop,Industrial,0.9903,3,0.1660,seasonal_variation,1.000,/content/drive/MyDrive/ACIVS_ThayBach/data/EuroSAT_MS/PermanentCrop/PermanentCrop_1923.tif
2956,Pasture,Forest,0.9966,4,0.0900,seasonal_variation,1.000,/content/drive/MyDrive/ACIVS_ThayBach/data/EuroSAT_MS/Pasture/Pasture_846.tif
2960,HerbaceousVegetation,Pasture,0.9945,2,0.2481,seasonal_variation,1.000,/content/drive/MyDrive/ACIVS_ThayBach/data/EuroSAT_MS/HerbaceousVegetation/HerbaceousVegetation_1733.tif
2980,PermanentCrop,HerbaceousVegetation,0.9953,3,0.1837,seasonal_variation,1.000,/content/drive/MyDrive/ACIVS_ThayBach/data/EuroSAT_MS/PermanentCrop/PermanentCrop_2393.tif
2991,SeaLake,AnnualCrop,0.9966,3,0.2116,seasonal_variation,1.000,/content/drive/MyDrive/ACIVS_ThayBach/data/EuroSAT_MS/SeaLake/SeaLake_774.tif
3008,PermanentCrop,AnnualCrop,0.9951,4,0.1294,seasonal_variation,1.000,/content/drive/MyDrive/ACIVS_ThayBach/data/EuroSAT_MS/PermanentCrop/PermanentCrop_2320.tif
3011,Industrial,Highway,0.9913,2,0.4255,seasonal_variation,1.000,/content/drive/MyDrive/ACIVS_ThayBach/data/EuroSAT_MS/Industrial/Industrial_1824.tif
3019,HerbaceousVegetation,Forest,0.9940,2,0.1595,seasonal_variation,0.724,/content/drive/MyDrive/ACIVS_ThayBach/data/EuroSAT_MS/HerbaceousVegetation/HerbaceousVegetation_2435.tif
3025,Pasture,Forest,0.9954,2,0.2177,seasonal_variation,1.000,/content/drive/MyDrive/ACIVS_ThayBach/data/EuroSAT_MS/Pasture/Pasture_858.tif
3027,HerbaceousVegetation,Forest,0.9984,5,0.2905,seasonal_variation,1.000,/content/drive/MyDrive/ACIVS_ThayBach/data/EuroSAT_MS/HerbaceousVegetation/HerbaceousVegetation_787.tif
3034,Pasture,Forest,0.9942,15,0.1449,seasonal_variation,1.000,/content/drive/MyDrive/ACIVS_ThayBach/data/EuroSAT_MS/Pasture/Pasture_988.tif
3037,PermanentCrop,Highway,0.9925,2,0.1103,seasonal_variation,1.000,/content/drive/MyDrive/ACIVS_ThayBach/data/EuroSAT_MS/PermanentCrop/PermanentCrop_720.tif
3046,AnnualCrop,PermanentCrop,0.9982,2,0.5955,seasonal_variation,0.765,/content/drive/MyDrive/ACIVS_ThayBach/data/EuroSAT_MS/AnnualCrop/AnnualCrop_873.tif
3058,HerbaceousVegetation,Forest,0.9930,2,0.2233,seasonal_variation,1.000,/content/drive/MyDrive/ACIVS_ThayBach/data/EuroSAT_MS/HerbaceousVegetation/HerbaceousVegetation_2434.tif
3065,Industrial,Highway,0.9892,3,0.1110,seasonal_variation,1.000,/content/drive/MyDrive/ACIVS_ThayBach/data/EuroSAT_MS/Industrial/Industrial_1111.tif
3081,AnnualCrop,Pasture,0.9917,5,0.0999,seasonal_variation,1.000,/content/drive/MyDrive/ACIVS_ThayBach/data/EuroSAT_MS/AnnualCrop/AnnualCrop_1412.tif
3085,Highway,AnnualCrop,0.9949,2,0.2780,seasonal_variation,1.000,/content/drive/MyDrive/ACIVS_ThayBach/data/EuroSAT_MS/Highway/Highway_2326.tif
3086,Pasture,HerbaceousVegetation,0.9981,2,0.0665,seasonal_variation,1.000,/content/drive/MyDrive/ACIVS_ThayBach/data/EuroSAT_MS/Pasture/Pasture_660.tif
3090,River,Highway,0.9968,2,0.1294,seasonal_variation,1.000,/content/drive/MyDrive/ACIVS_ThayBach/data/EuroSAT_MS/River/River_2445.tif
3111,SeaLake,Highway,0.9920,832,0.0610,seasonal_variation,1.000,/content/drive/MyDrive/ACIVS_ThayBach/data/EuroSAT_MS/SeaLake/SeaLake_1254.tif
3123,HerbaceousVegetation,Forest,0.9922,3,0.1678,seasonal_variation,0.737,/content/drive/MyDrive/ACIVS_ThayBach/data/EuroSAT_MS/HerbaceousVegetation/HerbaceousVegetation_2680.tif
3133,PermanentCrop,Industrial,0.9901,3,0.1222,seasonal_variation,1.000,/content/drive/MyDrive/ACIVS_ThayBach/data/EuroSAT_MS/PermanentCrop/PermanentCrop_2319.tif
3137,AnnualCrop,Highway,0.9946,2,0.2607,seasonal_variation,1.000,/content/drive/MyDrive/ACIVS_ThayBach/data/EuroSAT_MS/AnnualCrop/AnnualCrop_2285.tif
3154,Highway,River,0.9980,5,0.0847,seasonal_variation,1.000,/content/drive/MyDrive/ACIVS_ThayBach/data/EuroSAT_MS/Highway/Highway_414.tif
3163,PermanentCrop,Pasture,0.9954,2,0.2424,seasonal_variation,1.000,/content/drive/MyDrive/ACIVS_ThayBach/data/EuroSAT_MS/PermanentCrop/PermanentCrop_2421.tif
3167,HerbaceousVegetation,PermanentCrop,0.9949,6,0.3782,seasonal_variation,0.965,/content/drive/MyDrive/ACIVS_ThayBach/data/EuroSAT_MS/HerbaceousVegetation/HerbaceousVegetation_2065.tif
3179,Forest,Residential,0.9959,2,0.3747,seasonal_variation,1.000,/content/drive/MyDrive/ACIVS_ThayBach/data/EuroSAT_MS/Forest/Forest_1874.tif
3183,Pasture,Highway,0.9947,2,0.1284,seasonal_variation,1.000,/content/drive/MyDrive/ACIVS_ThayBach/data/EuroSAT_MS/Pasture/Pasture_1771.tif
3195,Highway,HerbaceousVegetation,0.9963,10,0.0846,seasonal_variation,1.000,/content/drive/MyDrive/ACIVS_ThayBach/data/EuroSAT_MS/Highway/Highway_472.tif
3199,SeaLake,River,0.9946,20,0.0618,seasonal_variation,1.000,/content/drive/MyDrive/ACIVS_ThayBach/data/EuroSAT_MS/SeaLake/SeaLake_1904.tif
3200,AnnualCrop,Pasture,0.9957,2,0.2530,seasonal_variation,1.000,/content/drive/MyDrive/ACIVS_ThayBach/data/EuroSAT_MS/AnnualCrop/AnnualCrop_2933.tif
3208,Forest,Pasture,0.9952,2,0.6610,seasonal_variation,0.865,/content/drive/MyDrive/ACIVS_ThayBach/data/EuroSAT_MS/Forest/Forest_763.tif
3211,Highway,Residential,0.9932,3,0.0837,seasonal_variation,1.000,/content/drive/MyDrive/ACIVS_ThayBach/data/EuroSAT_MS/Highway/Highway_92.tif
3222,PermanentCrop,Pasture,0.9954,2,0.1357,seasonal_variation,1.000,/content/drive/MyDrive/ACIVS_ThayBach/data/EuroSAT_MS/PermanentCrop/PermanentCrop_435.tif
3229,HerbaceousVegetation,Highway,0.9916,10,0.1875,seasonal_variation,1.000,/content/drive/MyDrive/ACIVS_ThayBach/data/EuroSAT_MS/HerbaceousVegetation/HerbaceousVegetation_2525.tif
3230,PermanentCrop,Industrial,0.9897,2,0.1699,seasonal_variation,1.000,/content/drive/MyDrive/ACIVS_ThayBach/data/EuroSAT_MS/PermanentCrop/PermanentCrop_130.tif
3233,HerbaceousVegetation,River,0.9970,2,0.5117,seasonal_variation,0.824,/content/drive/MyDrive/ACIVS_ThayBach/data/EuroSAT_MS/HerbaceousVegetation/HerbaceousVegetation_934.tif
3242,Residential,PermanentCrop,0.9957,3,0.1605,seasonal_variation,1.000,/content/drive/MyDrive/ACIVS_ThayBach/data/EuroSAT_MS/Residential/Residential_2112.tif
3245,Highway,AnnualCrop,0.9987,19,0.0869,seasonal_variation,1.000,/content/drive/MyDrive/ACIVS_ThayBach/data/EuroSAT_MS/Highway/Highway_48.tif
3247,HerbaceousVegetation,Residential,0.9957,6,0.1764,seasonal_variation,1.000,/content/drive/MyDrive/ACIVS_ThayBach/data/EuroSAT_MS/HerbaceousVegetation/HerbaceousVegetation_356.tif
3251,AnnualCrop,PermanentCrop,0.9932,3,0.1232,seasonal_variation,1.000,/content/drive/MyDrive/ACIVS_ThayBach/data/EuroSAT_MS/AnnualCrop/AnnualCrop_693.tif
3256,Forest,HerbaceousVegetation,0.9983,2,0.2660,seasonal_variation,1.000,/content/drive/MyDrive/ACIVS_ThayBach/data/EuroSAT_MS/Forest/Forest_1028.tif
3263,Forest,HerbaceousVegetation,0.9983,2,0.3173,seasonal_variation,1.000,/content/drive/MyDrive/ACIVS_ThayBach/data/EuroSAT_MS/Forest/Forest_1262.tif
3265,PermanentCrop,HerbaceousVegetation,0.9980,3,0.1376,seasonal_variation,1.000,/content/drive/MyDrive/ACIVS_ThayBach/data/EuroSAT_MS/PermanentCrop/PermanentCrop_1848.tif
3306,HerbaceousVegetation,PermanentCrop,0.9975,2,0.3424,seasonal_variation,0.924,/content/drive/MyDrive/ACIVS_ThayBach/data/EuroSAT_MS/HerbaceousVegetation/HerbaceousVegetation_2483.tif
3310,PermanentCrop,Highway,0.9944,22,0.1508,seasonal_variation,1.000,/content/drive/MyDrive/ACIVS_ThayBach/data/EuroSAT_MS/PermanentCrop/PermanentCrop_2442.tif
3311,River,Highway,0.9953,2,0.1359,seasonal_variation,1.000,/content/drive/MyDrive/ACIVS_ThayBach/data/EuroSAT_MS/River/River_643.tif
3318,Highway,HerbaceousVegetation,0.9950,6,0.1203,seasonal_variation,1.000,/content/drive/MyDrive/ACIVS_ThayBach/data/EuroSAT_MS/Highway/Highway_732.tif
3326,River,AnnualCrop,0.9923,2,0.1680,seasonal_variation,1.000,/content/drive/MyDrive/ACIVS_ThayBach/data/EuroSAT_MS/River/River_507.tif
3338,Highway,AnnualCrop,0.9982,5,0.1030,seasonal_variation,1.000,/content/drive/MyDrive/ACIVS_ThayBach/data/EuroSAT_MS/Highway/Highway_834.tif
3340,HerbaceousVegetation,Highway,0.9983,2,0.5170,seasonal_variation,0.754,/content/drive/MyDrive/ACIVS_ThayBach/data/EuroSAT_MS/HerbaceousVegetation/HerbaceousVegetation_1672.tif
3342,PermanentCrop,Pasture,0.9934,6,0.0921,seasonal_variation,1.000,/content/drive/MyDrive/ACIVS_ThayBach/data/EuroSAT_MS/PermanentCrop/PermanentCrop_325.tif
3343,AnnualCrop,Highway,0.9970,2,0.4938,seasonal_variation,1.000,/content/drive/MyDrive/ACIVS_ThayBach/data/EuroSAT_MS/AnnualCrop/AnnualCrop_959.tif
3371,PermanentCrop,HerbaceousVegetation,0.9957,4,0.1001,seasonal_variation,1.000,/content/drive/MyDrive/ACIVS_ThayBach/data/EuroSAT_MS/PermanentCrop/PermanentCrop_414.tif
3380,Forest,Pasture,0.9954,4,0.2402,seasonal_variation,1.000,/content/drive/MyDrive/ACIVS_ThayBach/data/EuroSAT_MS/Forest/Forest_390.tif
3384,PermanentCrop,Industrial,0.9921,6,0.1306,seasonal_variation,1.000,/content/drive/MyDrive/ACIVS_ThayBach/data/EuroSAT_MS/PermanentCrop/PermanentCrop_929.tif
3385,PermanentCrop,AnnualCrop,0.9963,2,0.1773,seasonal_variation,1.000,/content/drive/MyDrive/ACIVS_ThayBach/data/EuroSAT_MS/PermanentCrop/PermanentCrop_1049.tif
3388,PermanentCrop,Pasture,0.9889,2,0.2230,seasonal_variation,1.000,/content/drive/MyDrive/ACIVS_ThayBach/data/EuroSAT_MS/PermanentCrop/PermanentCrop_1964.tif
3390,AnnualCrop,PermanentCrop,0.9950,2,0.6606,seasonal_variation,1.000,/content/drive/MyDrive/ACIVS_ThayBach/data/EuroSAT_MS/AnnualCrop/AnnualCrop_2268.tif
3402,Highway,Industrial,0.9903,2,0.2858,seasonal_variation,1.000,/content/drive/MyDrive/ACIVS_ThayBach/data/EuroSAT_MS/Highway/Highway_715.tif
3406,River,Highway,0.9919,2,0.3164,seasonal_variation,1.000,/content/drive/MyDrive/ACIVS_ThayBach/data/EuroSAT_MS/River/River_835.tif
3410,PermanentCrop,AnnualCrop,0.9965,4,0.1195,seasonal_variation,1.000,/content/drive/MyDrive/ACIVS_ThayBach/data/EuroSAT_MS/PermanentCrop/PermanentCrop_1155.tif
3412,Pasture,Forest,0.9973,2,0.0957,seasonal_variation,1.000,/content/drive/MyDrive/ACIVS_ThayBach/data/EuroSAT_MS/Pasture/Pasture_1981.tif
3417,HerbaceousVegetation,PermanentCrop,0.9974,2,0.4360,seasonal_variation,0.866,/content/drive/MyDrive/ACIVS_ThayBach/data/EuroSAT_MS/HerbaceousVegetation/HerbaceousVegetation_2720.tif
3429,Highway,Residential,0.9942,8,0.1634,seasonal_variation,1.000,/content/drive/MyDrive/ACIVS_ThayBach/data/EuroSAT_MS/Highway/Highway_2170.tif
3432,Highway,River,0.9913,6,0.1281,seasonal_variation,1.000,/content/drive/MyDrive/ACIVS_ThayBach/data/EuroSAT_MS/Highway/Highway_1386.tif
3435,Forest,HerbaceousVegetation,0.9968,2,0.4828,seasonal_variation,1.000,/content/drive/MyDrive/ACIVS_ThayBach/data/EuroSAT_MS/Forest/Forest_2158.tif
3474,PermanentCrop,Pasture,0.9957,2,0.1960,seasonal_variation,1.000,/content/drive/MyDrive/ACIVS_ThayBach/data/EuroSAT_MS/PermanentCrop/PermanentCrop_151.tif
3475,PermanentCrop,HerbaceousVegetation,0.9984,2,0.1028,seasonal_variation,1.000,/content/drive/MyDrive/ACIVS_ThayBach/data/EuroSAT_MS/PermanentCrop/PermanentCrop_2032.tif
3476,Pasture,River,0.9927,4,0.1911,seasonal_variation,1.000,/content/drive/MyDrive/ACIVS_ThayBach/data/EuroSAT_MS/Pasture/Pasture_1642.tif
3478,AnnualCrop,PermanentCrop,0.9970,4,0.2577,seasonal_variation,1.000,/content/drive/MyDrive/ACIVS_ThayBach/data/EuroSAT_MS/AnnualCrop/AnnualCrop_2959.tif
3483,Highway,Pasture,0.9936,2,0.2557,seasonal_variation,1.000,/content/drive/MyDrive/ACIVS_ThayBach/data/EuroSAT_MS/Highway/Highway_2230.tif
3494,Residential,HerbaceousVegetation,0.9967,2,0.3548,seasonal_variation,1.000,/content/drive/MyDrive/ACIVS_ThayBach/data/EuroSAT_MS/Residential/Residential_2748.tif
3507,Highway,Industrial,0.9876,2,0.2776,seasonal_variation,1.000,/content/drive/MyDrive/ACIVS_ThayBach/data/EuroSAT_MS/Highway/Highway_1557.tif
3508,River,Highway,0.9879,2,0.4593,seasonal_variation,1.000,/content/drive/MyDrive/ACIVS_ThayBach/data/EuroSAT_MS/River/River_545.tif
3520,Pasture,PermanentCrop,0.9958,2,0.1734,seasonal_variation,1.000,/content/drive/MyDrive/ACIVS_ThayBach/data/EuroSAT_MS/Pasture/Pasture_274.tif
3527,Highway,AnnualCrop,0.9975,3,0.0882,seasonal_variation,1.000,/content/drive/MyDrive/ACIVS_ThayBach/data/EuroSAT_MS/Highway/Highway_795.tif
3529,HerbaceousVegetation,Forest,0.9955,2,0.2513,seasonal_variation,0.689,/content/drive/MyDrive/ACIVS_ThayBach/data/EuroSAT_MS/HerbaceousVegetation/HerbaceousVegetation_49.tif
3539,HerbaceousVegetation,PermanentCrop,0.9976,3,0.2279,seasonal_variation,0.773,/content/drive/MyDrive/ACIVS_ThayBach/data/EuroSAT_MS/HerbaceousVegetation/HerbaceousVegetation_2766.tif
3545,Highway,Forest,0.9951,2,0.0966,seasonal_variation,1.000,/content/drive/MyDrive/ACIVS_ThayBach/data/EuroSAT_MS/Highway/Highway_856.tif
3547,Highway,AnnualCrop,0.9939,2,0.2335,seasonal_variation,1.000,/content/drive/MyDrive/ACIVS_ThayBach/data/EuroSAT_MS/Highway/Highway_185.tif
3553,Pasture,HerbaceousVegetation,0.9974,15,0.0634,seasonal_variation,1.000,/content/drive/MyDrive/ACIVS_ThayBach/data/EuroSAT_MS/Pasture/Pasture_1983.tif
3561,AnnualCrop,Pasture,0.9975,4,0.1311,seasonal_variation,1.000,/content/drive/MyDrive/ACIVS_ThayBach/data/EuroSAT_MS/AnnualCrop/AnnualCrop_2795.tif
3564,Pasture,AnnualCrop,0.9959,5,0.0856,seasonal_variation,1.000,/content/drive/MyDrive/ACIVS_ThayBach/data/EuroSAT_MS/Pasture/Pasture_1742.tif
3572,Residential,River,0.9893,2,0.2255,seasonal_variation,1.000,/content/drive/MyDrive/ACIVS_ThayBach/data/EuroSAT_MS/Residential/Residential_2356.tif
3578,Forest,HerbaceousVegetation,0.9976,2,0.2798,seasonal_variation,1.000,/content/drive/MyDrive/ACIVS_ThayBach/data/EuroSAT_MS/Forest/Forest_2136.tif
3579,HerbaceousVegetation,Forest,0.9985,2,0.5376,seasonal_variation,0.638,/content/drive/MyDrive/ACIVS_ThayBach/data/EuroSAT_MS/HerbaceousVegetation/HerbaceousVegetation_45.tif
3588,AnnualCrop,PermanentCrop,0.9978,2,0.2180,seasonal_variation,1.000,/content/drive/MyDrive/ACIVS_ThayBach/data/EuroSAT_MS/AnnualCrop/AnnualCrop_2963.tif
3592,PermanentCrop,AnnualCrop,0.9949,3,0.1460,seasonal_variation,1.000,/content/drive/MyDrive/ACIVS_ThayBach/data/EuroSAT_MS/PermanentCrop/PermanentCrop_1683.tif
3611,PermanentCrop,Highway,0.9915,13,0.2577,seasonal_variation,1.000,/content/drive/MyDrive/ACIVS_ThayBach/data/EuroSAT_MS/PermanentCrop/PermanentCrop_571.tif
3612,Highway,Residential,0.9955,13,0.1165,seasonal_variation,1.000,/content/drive/MyDrive/ACIVS_ThayBach/data/EuroSAT_MS/Highway/Highway_652.tif
3635,PermanentCrop,AnnualCrop,0.9934,3,0.1969,seasonal_variation,1.000,/content/drive/MyDrive/ACIVS_ThayBach/data/EuroSAT_MS/PermanentCrop/PermanentCrop_292.tif
3643,Residential,PermanentCrop,0.9969,22,0.1212,seasonal_variation,1.000,/content/drive/MyDrive/ACIVS_ThayBach/data/EuroSAT_MS/Residential/Residential_1060.tif
3656,Pasture,Forest,0.9972,4,0.0667,seasonal_variation,1.000,/content/drive/MyDrive/ACIVS_ThayBach/data/EuroSAT_MS/Pasture/Pasture_223.tif
3657,PermanentCrop,Industrial,0.9909,3,0.1291,seasonal_variation,1.000,/content/drive/MyDrive/ACIVS_ThayBach/data/EuroSAT_MS/PermanentCrop/PermanentCrop_444.tif
3658,AnnualCrop,Highway,0.9976,2,0.5309,seasonal_variation,1.000,/content/drive/MyDrive/ACIVS_ThayBach/data/EuroSAT_MS/AnnualCrop/AnnualCrop_2312.tif
3687,Residential,HerbaceousVegetation,0.9958,4,0.1360,seasonal_variation,1.000,/content/drive/MyDrive/ACIVS_ThayBach/data/EuroSAT_MS/Residential/Residential_180.tif
3689,SeaLake,HerbaceousVegetation,0.9941,6,0.0804,seasonal_variation,1.000,/content/drive/MyDrive/ACIVS_ThayBach/data/EuroSAT_MS/SeaLake/SeaLake_1320.tif
3694,Pasture,Forest,0.9987,16,0.0635,seasonal_variation,1.000,/content/drive/MyDrive/ACIVS_ThayBach/data/EuroSAT_MS/Pasture/Pasture_1430.tif
3700,River,Highway,0.9940,2,0.4028,seasonal_variation,1.000,/content/drive/MyDrive/ACIVS_ThayBach/data/EuroSAT_MS/River/River_994.tif
3702,HerbaceousVegetation,PermanentCrop,0.9954,2,0.2593,seasonal_variation,0.894,/content/drive/MyDrive/ACIVS_ThayBach/data/EuroSAT_MS/HerbaceousVegetation/HerbaceousVegetation_2345.tif
3707,Pasture,AnnualCrop,0.9941,2,0.2115,seasonal_variation,1.000,/content/drive/MyDrive/ACIVS_ThayBach/data/EuroSAT_MS/Pasture/Pasture_1583.tif
3717,AnnualCrop,River,0.9935,2,0.4043,seasonal_variation,1.000,/content/drive/MyDrive/ACIVS_ThayBach/data/EuroSAT_MS/AnnualCrop/AnnualCrop_878.tif
3719,Highway,River,0.9945,2,0.2457,seasonal_variation,1.000,/content/drive/MyDrive/ACIVS_ThayBach/data/EuroSAT_MS/Highway/Highway_183.tif
3722,HerbaceousVegetation,Pasture,0.9967,2,0.4435,seasonal_variation,0.859,/content/drive/MyDrive/ACIVS_ThayBach/data/EuroSAT_MS/HerbaceousVegetation/HerbaceousVegetation_608.tif
3731,Highway,AnnualCrop,0.9952,10,0.1164,seasonal_variation,1.000,/content/drive/MyDrive/ACIVS_ThayBach/data/EuroSAT_MS/Highway/Highway_1835.tif
3745,HerbaceousVegetation,Forest,0.9954,2,0.1960,seasonal_variation,0.666,/content/drive/MyDrive/ACIVS_ThayBach/data/EuroSAT_MS/HerbaceousVegetation/HerbaceousVegetation_1474.tif
3746,AnnualCrop,PermanentCrop,0.9965,2,0.2203,seasonal_variation,1.000,/content/drive/MyDrive/ACIVS_ThayBach/data/EuroSAT_MS/AnnualCrop/AnnualCrop_588.tif
3754,PermanentCrop,Industrial,0.9929,3,0.1985,seasonal_variation,1.000,/content/drive/MyDrive/ACIVS_ThayBach/data/EuroSAT_MS/PermanentCrop/PermanentCrop_1735.tif
3755,HerbaceousVegetation,Forest,0.9982,3,0.4644,seasonal_variation,0.650,/content/drive/MyDrive/ACIVS_ThayBach/data/EuroSAT_MS/HerbaceousVegetation/HerbaceousVegetation_586.tif
3757,Highway,River,0.9951,2,0.1566,seasonal_variation,1.000,/content/drive/MyDrive/ACIVS_ThayBach/data/EuroSAT_MS/Highway/Highway_460.tif
3761,AnnualCrop,PermanentCrop,0.9973,42,0.1613,seasonal_variation,1.000,/content/drive/MyDrive/ACIVS_ThayBach/data/EuroSAT_MS/AnnualCrop/AnnualCrop_1642.tif
3762,Highway,AnnualCrop,0.9973,12,0.1104,seasonal_variation,1.000,/content/drive/MyDrive/ACIVS_ThayBach/data/EuroSAT_MS/Highway/Highway_251.tif
3769,PermanentCrop,Pasture,0.9905,21,0.1268,seasonal_variation,1.000,/content/drive/MyDrive/ACIVS_ThayBach/data/EuroSAT_MS/PermanentCrop/PermanentCrop_87.tif
3771,PermanentCrop,AnnualCrop,0.9978,2,0.0952,seasonal_variation,1.000,/content/drive/MyDrive/ACIVS_ThayBach/data/EuroSAT_MS/PermanentCrop/PermanentCrop_665.tif
3774,PermanentCrop,AnnualCrop,0.9968,5,0.1301,seasonal_variation,1.000,/content/drive/MyDrive/ACIVS_ThayBach/data/EuroSAT_MS/PermanentCrop/PermanentCrop_748.tif
3806,Forest,HerbaceousVegetation,0.9985,6,0.2979,seasonal_variation,1.000,/content/drive/MyDrive/ACIVS_ThayBach/data/EuroSAT_MS/Forest/Forest_1740.tif
3818,Highway,PermanentCrop,0.9940,4,0.2530,seasonal_variation,1.000,/content/drive/MyDrive/ACIVS_ThayBach/data/EuroSAT_MS/Highway/Highway_34.tif
3827,Pasture,Forest,0.9957,4,0.1138,seasonal_variation,1.000,/content/drive/MyDrive/ACIVS_ThayBach/data/EuroSAT_MS/Pasture/Pasture_253.tif
3828,Industrial,Highway,0.9945,2,0.6089,seasonal_variation,0.901,/content/drive/MyDrive/ACIVS_ThayBach/data/EuroSAT_MS/Industrial/Industrial_785.tif
3836,Pasture,Highway,0.9905,10,0.1470,seasonal_variation,1.000,/content/drive/MyDrive/ACIVS_ThayBach/data/EuroSAT_MS/Pasture/Pasture_1509.tif
3841,PermanentCrop,HerbaceousVegetation,0.9982,12,0.1328,seasonal_variation,1.000,/content/drive/MyDrive/ACIVS_ThayBach/data/EuroSAT_MS/PermanentCrop/PermanentCrop_1944.tif
3853,PermanentCrop,Highway,0.9976,2,0.0944,seasonal_variation,1.000,/content/drive/MyDrive/ACIVS_ThayBach/data/EuroSAT_MS/PermanentCrop/PermanentCrop_2144.tif
3856,Forest,HerbaceousVegetation,0.9967,4,0.2858,seasonal_variation,1.000,/content/drive/MyDrive/ACIVS_ThayBach/data/EuroSAT_MS/Forest/Forest_2160.tif
3857,River,HerbaceousVegetation,0.9980,2,0.1124,seasonal_variation,0.948,/content/drive/MyDrive/ACIVS_ThayBach/data/EuroSAT_MS/River/River_2491.tif
3871,PermanentCrop,Pasture,0.9901,4,0.1667,seasonal_variation,1.000,/content/drive/MyDrive/ACIVS_ThayBach/data/EuroSAT_MS/PermanentCrop/PermanentCrop_58.tif
3882,PermanentCrop,HerbaceousVegetation,0.9987,39,0.0867,seasonal_variation,1.000,/content/drive/MyDrive/ACIVS_ThayBach/data/EuroSAT_MS/PermanentCrop/PermanentCrop_2256.tif
3892,AnnualCrop,SeaLake,0.9978,2,0.3008,seasonal_variation,1.000,/content/drive/MyDrive/ACIVS_ThayBach/data/EuroSAT_MS/AnnualCrop/AnnualCrop_2697.tif
3894,HerbaceousVegetation,PermanentCrop,0.9949,10,0.2102,seasonal_variation,1.000,/content/drive/MyDrive/ACIVS_ThayBach/data/EuroSAT_MS/HerbaceousVegetation/HerbaceousVegetation_2515.tif
3898,PermanentCrop,Pasture,0.9974,2,0.1557,seasonal_variation,1.000,/content/drive/MyDrive/ACIVS_ThayBach/data/EuroSAT_MS/PermanentCrop/PermanentCrop_1163.tif
3902,Highway,Pasture,0.9896,3,0.2061,seasonal_variation,1.000,/content/drive/MyDrive/ACIVS_ThayBach/data/EuroSAT_MS/Highway/Highway_257.tif
3908,AnnualCrop,Pasture,0.9936,2,0.2152,seasonal_variation,1.000,/content/drive/MyDrive/ACIVS_ThayBach/data/EuroSAT_MS/AnnualCrop/AnnualCrop_547.tif
3943,AnnualCrop,Pasture,0.9897,7,0.0881,seasonal_variation,0.908,/content/drive/MyDrive/ACIVS_ThayBach/data/EuroSAT_MS/AnnualCrop/AnnualCrop_869.tif
3945,Highway,AnnualCrop,0.9952,2,0.1670,seasonal_variation,1.000,/content/drive/MyDrive/ACIVS_ThayBach/data/EuroSAT_MS/Highway/Highway_355.tif
3946,Highway,River,0.9932,2,0.2017,seasonal_variation,0.942,/content/drive/MyDrive/ACIVS_ThayBach/data/EuroSAT_MS/Highway/Highway_1414.tif
3961,Industrial,River,0.9928,2,0.5441,seasonal_variation,1.000,/content/drive/MyDrive/ACIVS_ThayBach/data/EuroSAT_MS/Industrial/Industrial_5.tif
3975,River,Highway,0.9917,2,0.2077,seasonal_variation,1.000,/content/drive/MyDrive/ACIVS_ThayBach/data/EuroSAT_MS/River/River_2350.tif
3993,HerbaceousVegetation,Forest,0.9933,2,0.1412,seasonal_variation,1.000,/content/drive/MyDrive/ACIVS_ThayBach/data/EuroSAT_MS/HerbaceousVegetation/HerbaceousVegetation_1490.tif
4001,Industrial,PermanentCrop,0.9935,2,0.4657,seasonal_variation,1.000,/content/drive/MyDrive/ACIVS_ThayBach/data/EuroSAT_MS/Industrial/Industrial_2286.tif
4017,Highway,PermanentCrop,0.9961,3,0.1230,seasonal_variation,0.929,/content/drive/MyDrive/ACIVS_ThayBach/data/EuroSAT_MS/Highway/Highway_500.tif
4035,HerbaceousVegetation,River,0.9898,3,0.1989,seasonal_variation,1.000,/content/drive/MyDrive/ACIVS_ThayBach/data/EuroSAT_MS/HerbaceousVegetation/HerbaceousVegetation_2960.tif
4037,Industrial,Residential,0.9949,4,0.2176,seasonal_variation,1.000,/content/drive/MyDrive/ACIVS_ThayBach/data/EuroSAT_MS/Industrial/Industrial_1664.tif
4038,River,Highway,0.9935,3,0.2922,seasonal_variation,1.000,/content/drive/MyDrive/ACIVS_ThayBach/data/EuroSAT_MS/River/River_275.tif
4040,Residential,Industrial,0.9963,2,0.4881,seasonal_variation,0.938,/content/drive/MyDrive/ACIVS_ThayBach/data/EuroSAT_MS/Residential/Residential_1249.tif
4049,River,AnnualCrop,0.9935,2,0.5597,seasonal_variation,1.000,/content/drive/MyDrive/ACIVS_ThayBach/data/EuroSAT_MS/River/River_1216.tif
4056,Residential,HerbaceousVegetation,0.9959,2,0.1508,seasonal_variation,1.000,/content/drive/MyDrive/ACIVS_ThayBach/data/EuroSAT_MS/Residential/Residential_2205.tif
4067,Pasture,HerbaceousVegetation,0.9947,6,0.1027,seasonal_variation,1.000,/content/drive/MyDrive/ACIVS_ThayBach/data/EuroSAT_MS/Pasture/Pasture_1852.tif
4069,Residential,PermanentCrop,0.9950,3,0.3271,seasonal_variation,1.000,/content/drive/MyDrive/ACIVS_ThayBach/data/EuroSAT_MS/Residential/Residential_61.tif
4092,River,AnnualCrop,0.9969,2,0.1338,seasonal_variation,1.000,/content/drive/MyDrive/ACIVS_ThayBach/data/EuroSAT_MS/River/River_1534.tif
4102,Highway,AnnualCrop,0.9937,2,0.2565,seasonal_variation,1.000,/content/drive/MyDrive/ACIVS_ThayBach/data/EuroSAT_MS/Highway/Highway_582.tif
4123,River,Highway,0.9971,2,0.1285,seasonal_variation,1.000,/content/drive/MyDrive/ACIVS_ThayBach/data/EuroSAT_MS/River/River_339.tif
4127,Highway,HerbaceousVegetation,0.9958,2,0.1029,seasonal_variation,1.000,/content/drive/MyDrive/ACIVS_ThayBach/data/EuroSAT_MS/Highway/Highway_618.tif
4132,Forest,HerbaceousVegetation,0.9989,2,0.3111,seasonal_variation,0.850,/content/drive/MyDrive/ACIVS_ThayBach/data/EuroSAT_MS/Forest/Forest_444.tif
4137,PermanentCrop,Residential,0.9979,4,0.1078,seasonal_variation,1.000,/content/drive/MyDrive/ACIVS_ThayBach/data/EuroSAT_MS/PermanentCrop/PermanentCrop_1036.tif
4146,HerbaceousVegetation,PermanentCrop,0.9975,4,0.3534,seasonal_variation,0.897,/content/drive/MyDrive/ACIVS_ThayBach/data/EuroSAT_MS/HerbaceousVegetation/HerbaceousVegetation_869.tif
4166,Industrial,PermanentCrop,0.9922,2,0.4370,seasonal_variation,1.000,/content/drive/MyDrive/ACIVS_ThayBach/data/EuroSAT_MS/Industrial/Industrial_2186.tif
4167,Forest,HerbaceousVegetation,0.9980,6,0.2659,seasonal_variation,1.000,/content/drive/MyDrive/ACIVS_ThayBach/data/EuroSAT_MS/Forest/Forest_805.tif
4185,PermanentCrop,AnnualCrop,0.9929,12,0.1501,seasonal_variation,0.945,/content/drive/MyDrive/ACIVS_ThayBach/data/EuroSAT_MS/PermanentCrop/PermanentCrop_542.tif
4190,River,Highway,0.9940,2,0.2921,seasonal_variation,1.000,/content/drive/MyDrive/ACIVS_ThayBach/data/EuroSAT_MS/River/River_1016.tif
4214,HerbaceousVegetation,PermanentCrop,0.9958,2,0.3496,seasonal_variation,0.938,/content/drive/MyDrive/ACIVS_ThayBach/data/EuroSAT_MS/HerbaceousVegetation/HerbaceousVegetation_1035.tif
4219,HerbaceousVegetation,Pasture,0.9902,8,0.1239,seasonal_variation,1.000,/content/drive/MyDrive/ACIVS_ThayBach/data/EuroSAT_MS/HerbaceousVegetation/HerbaceousVegetation_585.tif
4227,HerbaceousVegetation,Forest,0.9978,2,0.4492,seasonal_variation,0.614,/content/drive/MyDrive/ACIVS_ThayBach/data/EuroSAT_MS/HerbaceousVegetation/HerbaceousVegetation_785.tif
4231,Highway,AnnualCrop,0.9971,8,0.0904,seasonal_variation,1.000,/content/drive/MyDrive/ACIVS_ThayBach/data/EuroSAT_MS/Highway/Highway_1944.tif
4236,PermanentCrop,Pasture,0.9966,78,0.0995,seasonal_variation,1.000,/content/drive/MyDrive/ACIVS_ThayBach/data/EuroSAT_MS/PermanentCrop/PermanentCrop_1019.tif
4249,AnnualCrop,SeaLake,0.9973,2,0.2350,seasonal_variation,1.000,/content/drive/MyDrive/ACIVS_ThayBach/data/EuroSAT_MS/AnnualCrop/AnnualCrop_1422.tif
4255,HerbaceousVegetation,PermanentCrop,0.9979,2,0.5451,mixed_scene,0.200,/content/drive/MyDrive/ACIVS_ThayBach/data/EuroSAT_MS/HerbaceousVegetation/HerbaceousVegetation_2565.tif
4256,Highway,AnnualCrop,0.9941,3,0.3008,seasonal_variation,1.000,/content/drive/MyDrive/ACIVS_ThayBach/data/EuroSAT_MS/Highway/Highway_2154.tif
4268,River,Highway,0.9948,2,0.4439,seasonal_variation,1.000,/content/drive/MyDrive/ACIVS_ThayBach/data/EuroSAT_MS/River/River_176.tif
4291,AnnualCrop,Highway,0.9965,4,0.1237,seasonal_variation,1.000,/content/drive/MyDrive/ACIVS_ThayBach/data/EuroSAT_MS/AnnualCrop/AnnualCrop_1046.tif
4307,Industrial,Residential,0.9928,5,0.4057,seasonal_variation,1.000,/content/drive/MyDrive/ACIVS_ThayBach/data/EuroSAT_MS/Industrial/Industrial_730.tif
4308,AnnualCrop,Highway,0.9965,2,0.3705,seasonal_variation,0.953,/content/drive/MyDrive/ACIVS_ThayBach/data/EuroSAT_MS/AnnualCrop/AnnualCrop_1110.tif
4313,River,Highway,0.9939,3,0.1287,seasonal_variation,1.000,/content/drive/MyDrive/ACIVS_ThayBach/data/EuroSAT_MS/River/River_825.tif
4314,AnnualCrop,River,0.9942,2,0.1247,seasonal_variation,1.000,/content/drive/MyDrive/ACIVS_ThayBach/data/EuroSAT_MS/AnnualCrop/AnnualCrop_2563.tif
4319,SeaLake,Highway,0.9906,38,0.0800,seasonal_variation,1.000,/content/drive/MyDrive/ACIVS_ThayBach/data/EuroSAT_MS/SeaLake/SeaLake_2685.tif
